\x94\x84\x8f\xe3\x8am\x92\xe8\x93\xfa,\x94\x84\x8f\xe3\x8b\xe0\x8az,\x83T\x81[\x83r\x83X\x96\xbc,\x8dw\x93\xfc\x8eҖ\xbc,\x93\xe0\x96\xf3,\x8dw\x93\xfc\x8e\xd2ID
2025/07/01,4100,\x89\xb9\x90\xba\x95\xb6\x8e\x9a\x8bN\x82\xb1\x82\xb5,\x93n\x95Ӓ\xbc\x90l,\x94̔\x84\x8e萔\x97\xbf,1006
2025/07/01,54900,Web\x83T\x83C\x83g\x90\xa7\x8d\xec,\x8d\xb2\x81X\x96ؗ\xba,\x82\xa8\x82Ђ˂\xe8(\x92ǉ\xc1\x8ex\x95\xa5\x82\xa2),1012
2025/07/01,4500,\x89\xb9\x90\xba\x95\xb6\x8e\x9a\x8bN\x82\xb1\x82\xb5,\x97яC\x95\xbd,\x83V\x83X\x83e\x83\x80\x97\x98\x97p\x97\xbf,1016
2025/07/02,2700,\x83`\x83\x89\x83V\x83f\x83U\x83C\x83\x93,\x8f\xac\x97ѐ\xb3\x8e\xf7,\x83V\x83X\x83e\x83\x80\x97\x98\x97p\x97\xbf,1009
2025/07/03,9900,\x8bL\x8e\x96\x8e\xb7\x95M,\x8bߓ\xa1\x8ft\x8d\xd8,\x8a\xee\x96{\x97\xbf\x8b\xe0,1028
2025/07/03,1900,\x83l\x81[\x83~\x83\x93\x83O,\x8eR\x93c\x8e\x9f\x98Y,\x8a\xee\x96{\x97\xbf\x8b\xe0,1003
2025/07/03,5300,SNS\x89^\x97p\x91\xe3\x8ds,\x8d\xb2\x93\xa1\x89Ԏq,\x83I\x83v\x83V\x83\x87\x83\x93\x8ex\x95\xa5\x82\xa2,1002
2025/07/04,6200,\x83p\x83\x8f\x81[\x83|\x83C\x83\x93\x83g\x8d쐬,\x8d\x82\x8b\xb4\x94\xfc\x8d\xe7,\x83V\x83X\x83e\x83\x80\x97\x98\x97p\x97\xbf,1004
2025/07/04,100,\x83I\x83\x93\x83\x89\x83C\x83\x93\x94鏑,\x83\x86\x81[\x83U\x81[E,\x94̔\x84\x8e萔\x97\xbf,1034
2025/07/05,5600,\x83u\x83\x8d\x83O\x83R\x83\x93\x83T\x83\x8b,\x88\xa2\x95\x94\x90\xe7\x90q,\x94̔\x84\x8e萔\x97\xbf,1021
2025/07/05,1600,\x83}\x81[\x83P\x83e\x83B\x83\x93\x83O\x91\x8a\x92k,\x8d\x82\x8b\xb4\x94\xfc\x8d\xe7,\x83I\x83v\x83V\x83\x87\x83\x93\x8ex\x95\xa5\x82\xa2,1004
2025/07/05,1600,\x90肢\x8aӒ\xe8,\x8b\xb4\x96{\x8c\x92\x88\xea,\x82\xa8\x82Ђ˂\xe8(\x92ǉ\xc1\x8ex\x95\xa5\x82\xa2),1020
2025/07/05,2700,\x89摜\x89\xc1\x8dH,\x93\xa1\x93c\x83j\x83R\x83\x8b,\x82\xa8\x82Ђ˂\xe8(\x92ǉ\xc1\x8ex\x95\xa5\x82\xa2),1026
2025/07/05,7400,\x83A\x83C\x83R\x83\x93\x8d쐬,\x83\x86\x81[\x83U\x81[A,\x90U\x8d\x9e\x8e萔\x97\xbf,1030
2025/07/06,3800,\x83o\x83i\x81[\x8d쐬,\x8d\xb2\x93\xa1\x89Ԏq,\x82\xa8\x82Ђ˂\xe8(\x92ǉ\xc1\x8ex\x95\xa5\x82\xa2),1002
2025/07/07,9200,\x83}\x81[\x83P\x83e\x83B\x83\x93\x83O\x91\x8a\x92k,\x93\xa1\x93c\x83j\x83R\x83\x8b,\x8a\xee\x96{\x97\xbf\x8b\xe0,1026
2025/07/07,8700,\x83v\x83\x8d\x83O\x83\x89\x83~\x83\x93\x83O\x8ew\x93\xb1,\x91O\x93c\x93֎q,\x94̔\x84\x8e萔\x97\xbf,1025
2025/07/07,5900,\x83L\x83\x83\x83b\x83`\x83R\x83s\x81[\x8d쐬,\x92\x86\x91\xba\x97\x9d\x8cb,\x82\xa8\x82Ђ˂\xe8(\x92ǉ\xc1\x8ex\x95\xa5\x82\xa2),1008
2025/07/07,100,\x96|\x96\xf3\x83T\x81[\x83r\x83X,\x8f\xac\x97ѐ\xb3\x8e\xf7,\x8a\xee\x96{\x97\xbf\x8b\xe0,1009
2025/07/08,4300,\x83I\x83\x93\x83\x89\x83C\x83\x93\x94鏑,\x8eR\x93c\x8e\x9f\x98Y,\x82\xa8\x82Ђ˂\xe8(\x92ǉ\xc1\x8ex\x95\xa5\x82\xa2),1003
2025/07/08,8400,\x89摜\x89\xc1\x8dH,\x97\xe9\x96؈\xea\x98Y,\x82\xa8\x82Ђ˂\xe8(\x92ǉ\xc1\x8ex\x95\xa5\x82\xa2),1001
2025/07/10,5100,YouTube\x83T\x83\x80\x83l\x83C\x83\x8b,\x92\x86\x93\x87\x8c\xe5,\x90U\x8d\x9e\x8e萔\x97\xbf,1024
2025/07/11,2600,\x83\x8d\x83S\x83f\x83U\x83C\x83\x93,\x92\x86\x91\xba\x97\x9d\x8cb,\x83I\x83v\x83V\x83\x87\x83\x93\x8ex\x95\xa5\x82\xa2,1008
2025/07/11,1800,\x83`\x83\x89\x83V\x83f\x83U\x83C\x83\x93,\x89\x93\x93\xa1\x8c\x9b\x88\xea,\x83I\x83v\x83V\x83\x87\x83\x93\x8ex\x95\xa5\x82\xa2,1029
2025/07/12,2500,\x83C\x83\x89\x83X\x83g\x8d쐬,\x8eR\x93c\x8e\x9f\x98Y,\x90U\x8d\x9e\x8e萔\x97\xbf,1003
2025/07/12,14500,\x83A\x83v\x83\x8a\x8aJ\x94\xad,\x83\x86\x81[\x83U\x81[C,\x8a\xee\x96{\x97\xbf\x8b\xe0,1032
2025/07/12,21200,EC\x83T\x83C\x83g\x8d\\x92z,\x88\xe4\x8f\xe3\x92B\x96\xe7,\x8a\xee\x96{\x97\xbf\x8b\xe0,1014
2025/07/12,8100,\x83o\x83i\x81[\x8d쐬,\x83\x86\x81[\x83U\x81[E,\x83V\x83X\x83e\x83\x80\x97\x98\x97p\x97\xbf,1034
2025/07/12,7800,\x83f\x81[\x83^\x93\xfc\x97\xcd,\x8d\x82\x8b\xb4\x94\xfc\x8d\xe7,\x94̔\x84\x8e萔\x97\xbf,1004
2025/07/12,2300,\x83L\x83\x83\x83b\x83`\x83R\x83s\x81[\x8d쐬,\x92\x86\x93\x87\x8c\xe5,\x83V\x83X\x83e\x83\x80\x97\x98\x97p\x97\xbf,1024
2025/07/12,27100,LP\x90\xa7\x8d\xec,\x8eR\x8d\xe8\x91\xe5\x95\xe3,\x90U\x8d\x9e\x8e萔\x97\xbf,1018
2025/07/12,1700,\x83o\x83i\x81[\x8d쐬,\x93c\x92\x86\x91\xbe\x98Y,\x82\xa8\x82Ђ˂\xe8(\x92ǉ\xc1\x8ex\x95\xa5\x82\xa2),1000
2025/07/13,36900,Web\x83T\x83C\x83g\x90\xa7\x8d\xec,\x83\x86\x81[\x83U\x81[B,\x83V\x83X\x83e\x83\x80\x97\x98\x97p\x97\xbf,1031
2025/07/13,3900,\x89\xb9\x90\xba\x95\xb6\x8e\x9a\x8bN\x82\xb1\x82\xb5,\x88\xe4\x8f\xe3\x92B\x96\xe7,\x8a\xee\x96{\x97\xbf\x8b\xe0,1014
2025/07/13,6300,\x96\xbc\x8eh\x83f\x83U\x83C\x83\x93,\x8eR\x93c\x8e\x9f\x98Y,\x90U\x8d\x9e\x8e萔\x97\xbf,1003
2025/07/14,10600,\x89\xb9\x8ay\x90\xa7\x8d\xec,\x8d\xb2\x93\xa1\x89Ԏq,\x83I\x83v\x83V\x83\x87\x83\x93\x8ex\x95\xa5\x82\xa2,1002
2025/07/14,8700,SNS\x89^\x97p\x91\xe3\x8ds,\x8b\xb4\x96{\x8c\x92\x88\xea,\x83V\x83X\x83e\x83\x80\x97\x98\x97p\x97\xbf,1020
2025/07/14,19400,LP\x90\xa7\x8d\xec,\x91O\x93c\x93֎q,\x83I\x83v\x83V\x83\x87\x83\x93\x8ex\x95\xa5\x82\xa2,1025
2025/07/14,49900,\x83A\x83v\x83\x8a\x8aJ\x94\xad,\x8d\xb2\x81X\x96ؗ\xba,\x83I\x83v\x83V\x83\x87\x83\x93\x8ex\x95\xa5\x82\xa2,1012
2025/07/14,7600,\x83p\x83\x8f\x81[\x83|\x83C\x83\x93\x83g\x8d쐬,\x93n\x95Ӓ\xbc\x90l,\x82\xa8\x82Ђ˂\xe8(\x92ǉ\xc1\x8ex\x95\xa5\x82\xa2),1006
2025/07/15,9700,\x83u\x83\x8d\x83O\x83R\x83\x93\x83T\x83\x8b,\x97яC\x95\xbd,\x82\xa8\x82Ђ˂\xe8(\x92ǉ\xc1\x8ex\x95\xa5\x82\xa2),1016
2025/07/15,9300,\x83L\x83\x83\x83b\x83`\x83R\x83s\x81[\x8d쐬,\x92\x86\x91\xba\x97\x9d\x8cb,\x90U\x8d\x9e\x8e萔\x97\xbf,1008
2025/07/16,2900,\x93\xae\x89\xe6\x95ҏW,\x8f\xac\x97ѐ\xb3\x8e\xf7,\x83I\x83v\x83V\x83\x87\x83\x93\x8ex\x95\xa5\x82\xa2,1009
2025/07/16,4200,\x8e\x97\x8a\xe7\x8aG\x8d쐬,\x8b\xb4\x96{\x8c\x92\x88\xea,\x83I\x83v\x83V\x83\x87\x83\x93\x8ex\x95\xa5\x82\xa2,1020
2025/07/18,8300,\x83f\x81[\x83^\x93\xfc\x97\xcd,\x89\xc1\x93\xa1\x8d_\x93\xf1,\x82\xa8\x82Ђ˂\xe8(\x92ǉ\xc1\x8ex\x95\xa5\x82\xa2),1010
2025/07/19,2800,\x83}\x81[\x83P\x83e\x83B\x83\x93\x83O\x91\x8a\x92k,\x96ؑ\xba\x82\xa0\x82\xe4\x82\xdd,\x83I\x83v\x83V\x83\x87\x83\x93\x8ex\x95\xa5\x82\xa2,1015
2025/07/19,5300,\x94Y\x82ݑ\x8a\x92k,\x8b\xb4\x96{\x8c\x92\x88\xea,\x90U\x8d\x9e\x8e萔\x97\xbf,1020
2025/07/19,1100,\x83L\x83\x83\x83b\x83`\x83R\x83s\x81[\x8d쐬,\x88ɓ\xa1\x8c\x92\x91\xbe,\x94̔\x84\x8e萔\x97\xbf,1005
2025/07/20,5800,\x8bL\x8e\x96\x8e\xb7\x95M,\x8f\xac\x97ѐ\xb3\x8e\xf7,\x8a\xee\x96{\x97\xbf\x8b\xe0,1009
2025/07/20,1500,\x83}\x81[\x83P\x83e\x83B\x83\x93\x83O\x91\x8a\x92k,\x93\xa1\x93c\x83j\x83R\x83\x8b,\x83I\x83v\x83V\x83\x87\x83\x93\x8ex\x95\xa5\x82\xa2,1026
2025/07/21,2400,\x83p\x83\x8f\x81[\x83|\x83C\x83\x93\x83g\x8d쐬,\x8bg\x93c\x96\x83\x88\xdf,\x94̔\x84\x8e萔\x97\xbf,1011
2025/07/21,53000,\x83A\x83v\x83\x8a\x8aJ\x94\xad,\x92\x86\x93\x87\x8c\xe5,\x83V\x83X\x83e\x83\x80\x97\x98\x97p\x97\xbf,1024
2025/07/21,6500,\x83C\x83\x89\x83X\x83g\x8d쐬,\x96ؑ\xba\x82\xa0\x82\xe4\x82\xdd,\x83I\x83v\x83V\x83\x87\x83\x93\x8ex\x95\xa5\x82\xa2,1015
2025/07/22,32200,EC\x83T\x83C\x83g\x8d\\x92z,\x83\x86\x81[\x83U\x81[D,\x83I\x83v\x83V\x83\x87\x83\x93\x8ex\x95\xa5\x82\xa2,1033
2025/07/22,6900,\x96|\x96\xf3\x83T\x81[\x83r\x83X,\x96ؑ\xba\x82\xa0\x82\xe4\x82\xdd,\x8a\xee\x96{\x97\xbf\x8b\xe0,1015
2025/07/22,4900,\x83l\x81[\x83~\x83\x93\x83O,\x89\x93\x93\xa1\x8c\x9b\x88\xea,\x82\xa8\x82Ђ˂\xe8(\x92ǉ\xc1\x8ex\x95\xa5\x82\xa2),1029
2025/07/22,1400,\x83p\x83\x8f\x81[\x83|\x83C\x83\x93\x83g\x8d쐬,\x8eR\x96{\x97D\x8eq,\x83V\x83X\x83e\x83\x80\x97\x98\x97p\x97\xbf,1007
2025/07/22,1600,SEO\x91΍\xf4,\x97\xe9\x96؈\xea\x98Y,\x82\xa8\x82Ђ˂\xe8(\x92ǉ\xc1\x8ex\x95\xa5\x82\xa2),1001
2025/07/23,9400,\x89\xb9\x90\xba\x95\xb6\x8e\x9a\x8bN\x82\xb1\x82\xb5,\x92\x86\x93\x87\x8c\xe5,\x83I\x83v\x83V\x83\x87\x83\x93\x8ex\x95\xa5\x82\xa2,1024
2025/07/23,4800,\x83A\x83C\x83R\x83\x93\x8d쐬,\x97\xe9\x96؈\xea\x98Y,\x83V\x83X\x83e\x83\x80\x97\x98\x97p\x97\xbf,1001
2025/07/23,8700,\x83\x8d\x83S\x83f\x83U\x83C\x83\x93,\x89\xaa\x93c\x8fy\x88\xea,\x8a\xee\x96{\x97\xbf\x8b\xe0,1027
2025/07/24,4400,\x83u\x83\x8d\x83O\x83R\x83\x93\x83T\x83\x8b,\x8eR\x96{\x97D\x8eq,\x82\xa8\x82Ђ˂\xe8(\x92ǉ\xc1\x8ex\x95\xa5\x82\xa2),1007
2025/07/24,5600,\x8e\x97\x8a\xe7\x8aG\x8d쐬,\x83\x86\x81[\x83U\x81[E,\x83I\x83v\x83V\x83\x87\x83\x93\x8ex\x95\xa5\x82\xa2,1034
2025/07/24,1900,SEO\x91΍\xf4,\x8b\xb4\x96{\x8c\x92\x88\xea,\x94̔\x84\x8e萔\x97\xbf,1020
2025/07/24,5900,\x83I\x83\x93\x83\x89\x83C\x83\x93\x94鏑,\x89\x93\x93\xa1\x8c\x9b\x88\xea,\x83I\x83v\x83V\x83\x87\x83\x93\x8ex\x95\xa5\x82\xa2,1029
2025/07/24,18200,Web\x83T\x83C\x83g\x90\xa7\x8d\xec,\x88ɓ\xa1\x8c\x92\x91\xbe,\x94̔\x84\x8e萔\x97\xbf,1005
2025/07/26,8700,\x94Y\x82ݑ\x8a\x92k,\x91O\x93c\x93֎q,\x8a\xee\x96{\x97\xbf\x8b\xe0,1025
2025/07/26,8000,\x83L\x83\x83\x83b\x83`\x83R\x83s\x81[\x8d쐬,\x92\x86\x93\x87\x8c\xe5,\x82\xa8\x82Ђ˂\xe8(\x92ǉ\xc1\x8ex\x95\xa5\x82\xa2),1024
2025/07/26,13000,\x89\xb9\x8ay\x90\xa7\x8d\xec,\x8eR\x93c\x8e\x9f\x98Y,\x82\xa8\x82Ђ˂\xe8(\x92ǉ\xc1\x8ex\x95\xa5\x82\xa2),1003
2025/07/26,8400,\x83f\x81[\x83^\x93\xfc\x97\xcd,\x93n\x95Ӓ\xbc\x90l,\x82\xa8\x82Ђ˂\xe8(\x92ǉ\xc1\x8ex\x95\xa5\x82\xa2),1006
2025/07/26,400,\x83u\x83\x8d\x83O\x83R\x83\x93\x83T\x83\x8b,\x92\x86\x91\xba\x97\x9d\x8cb,\x8a\xee\x96{\x97\xbf\x8b\xe0,1008
2025/07/27,8400,\x94Y\x82ݑ\x8a\x92k,\x93\xa1\x93c\x83j\x83R\x83\x8b,\x82\xa8\x82Ђ˂\xe8(\x92ǉ\xc1\x8ex\x95\xa5\x82\xa2),1026
2025/07/27,5600,\x8e\x97\x8a\xe7\x8aG\x8d쐬,\x8d\xb2\x93\xa1\x89Ԏq,\x90U\x8d\x9e\x8e萔\x97\xbf,1002
2025/07/27,2900,\x96|\x96\xf3\x83T\x81[\x83r\x83X,\x91\xba\x8f㗲,\x82\xa8\x82Ђ˂\xe8(\x92ǉ\xc1\x8ex\x95\xa5\x82\xa2),1022
2025/07/28,9300,\x90肢\x8aӒ\xe8,\x88ɓ\xa1\x8c\x92\x91\xbe,\x83V\x83X\x83e\x83\x80\x97\x98\x97p\x97\xbf,1005
2025/07/28,9800,\x8bL\x8e\x96\x8e\xb7\x95M,\x8bg\x93c\x96\x83\x88\xdf,\x83I\x83v\x83V\x83\x87\x83\x93\x8ex\x95\xa5\x82\xa2,1011
2025/07/29,6600,SNS\x89^\x97p\x91\xe3\x8ds,\x8f\xac\x97ѐ\xb3\x8e\xf7,\x94̔\x84\x8e萔\x97\xbf,1009
2025/07/29,6100,\x83f\x81[\x83^\x93\xfc\x97\xcd,\x89\xaa\x93c\x8fy\x88\xea,\x90U\x8d\x9e\x8e萔\x97\xbf,1027
2025/07/29,1800,\x96|\x96\xf3\x83T\x81[\x83r\x83X,\x8b\xb4\x96{\x8c\x92\x88\xea,\x83I\x83v\x83V\x83\x87\x83\x93\x8ex\x95\xa5\x82\xa2,1020
2025/07/30,5700,\x83\x8d\x83S\x83f\x83U\x83C\x83\x93,\x92r\x93c\x90^\x97R\x94\xfc,\x8a\xee\x96{\x97\xbf\x8b\xe0,1019
2025/07/30,5900,SEO\x91΍\xf4,\x92\x86\x93\x87\x8c\xe5,\x94̔\x84\x8e萔\x97\xbf,1024
2025/07/30,9700,\x83l\x81[\x83~\x83\x93\x83O,\x88\xe4\x8f\xe3\x92B\x96\xe7,\x94̔\x84\x8e萔\x97\xbf,1014
2025/07/30,29000,\x89\xb9\x8ay\x90\xa7\x8d\xec,\x88\xe4\x8f\xe3\x92B\x96\xe7,\x94̔\x84\x8e萔\x97\xbf,1014
2025/07/30,400,\x83p\x83\x8f\x81[\x83|\x83C\x83\x93\x83g\x8d쐬,\x88\xe4\x8f\xe3\x92B\x96\xe7,\x83V\x83X\x83e\x83\x80\x97\x98\x97p\x97\xbf,1014
2025/08/01,8000,YouTube\x83T\x83\x80\x83l\x83C\x83\x8b,\x89\xaa\x93c\x8fy\x88\xea,\x8a\xee\x96{\x97\xbf\x8b\xe0,1027
2025/08/01,2800,\x89摜\x89\xc1\x8dH,\x8b\xb4\x96{\x8c\x92\x88\xea,\x90U\x8d\x9e\x8e萔\x97\xbf,1020
2025/08/01,1000,YouTube\x83T\x83\x80\x83l\x83C\x83\x8b,\x90\xb4\x90\x85\x97R\x94\xfc,\x83V\x83X\x83e\x83\x80\x97\x98\x97p\x97\xbf,1017
2025/08/01,25100,LP\x90\xa7\x8d\xec,\x97\xe9\x96؈\xea\x98Y,\x8a\xee\x96{\x97\xbf\x8b\xe0,1001
2025/08/01,4700,\x89摜\x89\xc1\x8dH,\x88\xa2\x95\x94\x90\xe7\x90q,\x82\xa8\x82Ђ˂\xe8(\x92ǉ\xc1\x8ex\x95\xa5\x82\xa2),1021
2025/08/02,9500,\x8e\x97\x8a\xe7\x8aG\x8d쐬,\x93n\x95Ӓ\xbc\x90l,\x82\xa8\x82Ђ˂\xe8(\x92ǉ\xc1\x8ex\x95\xa5\x82\xa2),1006
2025/08/03,3700,\x83u\x83\x8d\x83O\x83R\x83\x93\x83T\x83\x8b,\x8d\xb2\x81X\x96ؗ\xba,\x90U\x8d\x9e\x8e萔\x97\xbf,1012
2025/08/03,4200,\x89摜\x89\xc1\x8dH,\x97\xe9\x96؈\xea\x98Y,\x82\xa8\x82Ђ˂\xe8(\x92ǉ\xc1\x8ex\x95\xa5\x82\xa2),1001
2025/08/04,1200,\x83v\x83\x8d\x83O\x83\x89\x83~\x83\x93\x83O\x8ew\x93\xb1,\x8eR\x8d\xe8\x91\xe5\x95\xe3,\x8a\xee\x96{\x97\xbf\x8b\xe0,1018
2025/08/04,3000,\x89\xb9\x90\xba\x95\xb6\x8e\x9a\x8bN\x82\xb1\x82\xb5,\x8bߓ\xa1\x8ft\x8d\xd8,\x8a\xee\x96{\x97\xbf\x8b\xe0,1028
2025/08/04,7800,\x96\xbc\x8eh\x83f\x83U\x83C\x83\x93,\x90\xb4\x90\x85\x97R\x94\xfc,\x94̔\x84\x8e萔\x97\xbf,1017
2025/08/05,300,\x83C\x83\x89\x83X\x83g\x8d쐬,\x8f\xac\x97ѐ\xb3\x8e\xf7,\x90U\x8d\x9e\x8e萔\x97\xbf,1009
2025/08/05,7900,\x90肢\x8aӒ\xe8,\x88\xe4\x8f\xe3\x92B\x96\xe7,\x83V\x83X\x83e\x83\x80\x97\x98\x97p\x97\xbf,1014
2025/08/05,3700,\x8e\x97\x8a\xe7\x8aG\x8d쐬,\x83\x86\x81[\x83U\x81[D,\x83V\x83X\x83e\x83\x80\x97\x98\x97p\x97\xbf,1033
2025/08/05,6400,\x83l\x81[\x83~\x83\x93\x83O,\x8d\x82\x8b\xb4\x94\xfc\x8d\xe7,\x83V\x83X\x83e\x83\x80\x97\x98\x97p\x97\xbf,1004
2025/08/05,16300,Web\x83T\x83C\x83g\x90\xa7\x8d\xec,\x8d\xb2\x93\xa1\x89Ԏq,\x83I\x83v\x83V\x83\x87\x83\x93\x8ex\x95\xa5\x82\xa2,1002
2025/08/06,3000,\x96|\x96\xf3\x83T\x81[\x83r\x83X,\x91O\x93c\x93֎q,\x83I\x83v\x83V\x83\x87\x83\x93\x8ex\x95\xa5\x82\xa2,1025
2025/08/06,5500,\x94Y\x82ݑ\x8a\x92k,\x83\x86\x81[\x83U\x81[E,\x83I\x83v\x83V\x83\x87\x83\x93\x8ex\x95\xa5\x82\xa2,1034
2025/08/07,1900,\x93\xae\x89\xe6\x95ҏW,\x93\xa1\x93c\x83j\x83R\x83\x8b,\x82\xa8\x82Ђ˂\xe8(\x92ǉ\xc1\x8ex\x95\xa5\x82\xa2),1026
2025/08/07,4900,\x83}\x81[\x83P\x83e\x83B\x83\x93\x83O\x91\x8a\x92k,\x8eR\x93c\x8e\x9f\x98Y,\x94̔\x84\x8e萔\x97\xbf,1003
2025/08/07,2000,SNS\x89^\x97p\x91\xe3\x8ds,\x8d\xb2\x93\xa1\x89Ԏq,\x82\xa8\x82Ђ˂\xe8(\x92ǉ\xc1\x8ex\x95\xa5\x82\xa2),1002
2025/08/07,100,SNS\x89^\x97p\x91\xe3\x8ds,\x97\xe9\x96؈\xea\x98Y,\x83I\x83v\x83V\x83\x87\x83\x93\x8ex\x95\xa5\x82\xa2,1001
2025/08/08,5500,\x96\xbc\x8eh\x83f\x83U\x83C\x83\x93,\x90ΐ삳\x82\xe4\x82\xe8,\x8a\xee\x96{\x97\xbf\x8b\xe0,1023
2025/08/09,5600,SNS\x89^\x97p\x91\xe3\x8ds,\x91\xba\x8f㗲,\x83I\x83v\x83V\x83\x87\x83\x93\x8ex\x95\xa5\x82\xa2,1022
2025/08/09,7800,SNS\x89^\x97p\x91\xe3\x8ds,\x89\xaa\x93c\x8fy\x88\xea,\x94̔\x84\x8e萔\x97\xbf,1027
2025/08/09,19800,EC\x83T\x83C\x83g\x8d\\x92z,\x88ɓ\xa1\x8c\x92\x91\xbe,\x8a\xee\x96{\x97\xbf\x8b\xe0,1005
2025/08/09,34000,\x89\xb9\x8ay\x90\xa7\x8d\xec,\x93c\x92\x86\x91\xbe\x98Y,\x83V\x83X\x83e\x83\x80\x97\x98\x97p\x97\xbf,1000
2025/08/10,2800,\x83l\x81[\x83~\x83\x93\x83O,\x91\xba\x8f㗲,\x83I\x83v\x83V\x83\x87\x83\x93\x8ex\x95\xa5\x82\xa2,1022
2025/08/10,8100,SEO\x91΍\xf4,\x8eR\x8d\xe8\x91\xe5\x95\xe3,\x83I\x83v\x83V\x83\x87\x83\x93\x8ex\x95\xa5\x82\xa2,1018
2025/08/10,3500,\x8e\x97\x8a\xe7\x8aG\x8d쐬,\x93n\x95Ӓ\xbc\x90l,\x83I\x83v\x83V\x83\x87\x83\x93\x8ex\x95\xa5\x82\xa2,1006
2025/08/10,23400,Web\x83T\x83C\x83g\x90\xa7\x8d\xec,\x89\xaa\x93c\x8fy\x88\xea,\x8a\xee\x96{\x97\xbf\x8b\xe0,1027
2025/08/11,2600,\x89摜\x89\xc1\x8dH,\x88\xe4\x8f\xe3\x92B\x96\xe7,\x94̔\x84\x8e萔\x97\xbf,1014
2025/08/11,3600,\x83l\x81[\x83~\x83\x93\x83O,\x8bg\x93c\x96\x83\x88\xdf,\x8a\xee\x96{\x97\xbf\x8b\xe0,1011
2025/08/11,1600,\x83I\x83\x93\x83\x89\x83C\x83\x93\x94鏑,\x88\xa2\x95\x94\x90\xe7\x90q,\x83V\x83X\x83e\x83\x80\x97\x98\x97p\x97\xbf,1021
2025/08/11,26000,LP\x90\xa7\x8d\xec,\x8eR\x93c\x8e\x9f\x98Y,\x83I\x83v\x83V\x83\x87\x83\x93\x8ex\x95\xa5\x82\xa2,1003
2025/08/11,1100,\x83A\x83C\x83R\x83\x93\x8d쐬,\x92r\x93c\x90^\x97R\x94\xfc,\x82\xa8\x82Ђ˂\xe8(\x92ǉ\xc1\x8ex\x95\xa5\x82\xa2),1019
2025/08/12,2200,\x83f\x81[\x83^\x93\xfc\x97\xcd,\x83\x86\x81[\x83U\x81[B,\x90U\x8d\x9e\x8e萔\x97\xbf,1031
2025/08/12,5800,\x83u\x83\x8d\x83O\x83R\x83\x93\x83T\x83\x8b,\x83\x86\x81[\x83U\x81[C,\x94̔\x84\x8e萔\x97\xbf,1032
2025/08/13,3100,\x89\xb9\x90\xba\x95\xb6\x8e\x9a\x8bN\x82\xb1\x82\xb5,\x83\x86\x81[\x83U\x81[B,\x8a\xee\x96{\x97\xbf\x8b\xe0,1031
2025/08/13,2100,\x83l\x81[\x83~\x83\x93\x83O,\x97яC\x95\xbd,\x83I\x83v\x83V\x83\x87\x83\x93\x8ex\x95\xa5\x82\xa2,1016
2025/08/14,7500,\x83v\x83\x8d\x83O\x83\x89\x83~\x83\x93\x83O\x8ew\x93\xb1,\x83\x86\x81[\x83U\x81[C,\x82\xa8\x82Ђ˂\xe8(\x92ǉ\xc1\x8ex\x95\xa5\x82\xa2),1032
2025/08/14,1300,\x90肢\x8aӒ\xe8,\x8eR\x8d\xe8\x91\xe5\x95\xe3,\x8a\xee\x96{\x97\xbf\x8b\xe0,1018
2025/08/14,3500,\x89摜\x89\xc1\x8dH,\x83\x86\x81[\x83U\x81[E,\x82\xa8\x82Ђ˂\xe8(\x92ǉ\xc1\x8ex\x95\xa5\x82\xa2),1034
2025/08/15,7600,\x83f\x81[\x83^\x93\xfc\x97\xcd,\x83\x86\x81[\x83U\x81[D,\x82\xa8\x82Ђ˂\xe8(\x92ǉ\xc1\x8ex\x95\xa5\x82\xa2),1033
2025/08/15,48500,Web\x83T\x83C\x83g\x90\xa7\x8d\xec,\x8d\xb2\x81X\x96ؗ\xba,\x83V\x83X\x83e\x83\x80\x97\x98\x97p\x97\xbf,1012
2025/08/15,800,\x90肢\x8aӒ\xe8,\x8f\xac\x97ѐ\xb3\x8e\xf7,\x8a\xee\x96{\x97\xbf\x8b\xe0,1009
2025/08/16,1900,\x83u\x83\x8d\x83O\x83R\x83\x93\x83T\x83\x8b,\x83\x86\x81[\x83U\x81[D,\x83V\x83X\x83e\x83\x80\x97\x98\x97p\x97\xbf,1033
2025/08/16,9600,\x83I\x83\x93\x83\x89\x83C\x83\x93\x94鏑,\x89\x93\x93\xa1\x8c\x9b\x88\xea,\x83V\x83X\x83e\x83\x80\x97\x98\x97p\x97\xbf,1029
2025/08/16,1200,\x83I\x83\x93\x83\x89\x83C\x83\x93\x94鏑,\x83\x86\x81[\x83U\x81[E,\x82\xa8\x82Ђ˂\xe8(\x92ǉ\xc1\x8ex\x95\xa5\x82\xa2),1034
2025/08/16,4600,\x93\xae\x89\xe6\x95ҏW,\x93c\x92\x86\x91\xbe\x98Y,\x82\xa8\x82Ђ˂\xe8(\x92ǉ\xc1\x8ex\x95\xa5\x82\xa2),1000
2025/08/16,5700,\x83u\x83\x8d\x83O\x83R\x83\x93\x83T\x83\x8b,\x91O\x93c\x93֎q,\x83I\x83v\x83V\x83\x87\x83\x93\x8ex\x95\xa5\x82\xa2,1025
2025/08/16,3700,\x83v\x83\x8d\x83O\x83\x89\x83~\x83\x93\x83O\x8ew\x93\xb1,\x83\x86\x81[\x83U\x81[A,\x83V\x83X\x83e\x83\x80\x97\x98\x97p\x97\xbf,1030
2025/08/17,6500,\x83l\x81[\x83~\x83\x93\x83O,\x91\xba\x8f㗲,\x8a\xee\x96{\x97\xbf\x8b\xe0,1022
2025/08/17,3400,\x94Y\x82ݑ\x8a\x92k,\x90\xb4\x90\x85\x97R\x94\xfc,\x90U\x8d\x9e\x8e萔\x97\xbf,1017
2025/08/17,33700,EC\x83T\x83C\x83g\x8d\\x92z,\x8bߓ\xa1\x8ft\x8d\xd8,\x8a\xee\x96{\x97\xbf\x8b\xe0,1028
2025/08/17,8500,SEO\x91΍\xf4,\x8d\x82\x8b\xb4\x94\xfc\x8d\xe7,\x82\xa8\x82Ђ˂\xe8(\x92ǉ\xc1\x8ex\x95\xa5\x82\xa2),1004
2025/08/17,30900,\x89\xb9\x8ay\x90\xa7\x8d\xec,\x91O\x93c\x93֎q,\x90U\x8d\x9e\x8e萔\x97\xbf,1025
2025/08/17,1300,\x94Y\x82ݑ\x8a\x92k,\x8eR\x93c\x8e\x9f\x98Y,\x94̔\x84\x8e萔\x97\xbf,1003
2025/08/17,7400,\x83v\x83\x8d\x83O\x83\x89\x83~\x83\x93\x83O\x8ew\x93\xb1,\x8d\xb2\x81X\x96ؗ\xba,\x83V\x83X\x83e\x83\x80\x97\x98\x97p\x97\xbf,1012
2025/08/18,9900,\x93\xae\x89\xe6\x95ҏW,\x90\xb4\x90\x85\x97R\x94\xfc,\x90U\x8d\x9e\x8e萔\x97\xbf,1017
2025/08/18,9500,\x93\xae\x89\xe6\x95ҏW,\x8b\xb4\x96{\x8c\x92\x88\xea,\x8a\xee\x96{\x97\xbf\x8b\xe0,1020
2025/08/18,6800,YouTube\x83T\x83\x80\x83l\x83C\x83\x8b,\x8d\x82\x8b\xb4\x94\xfc\x8d\xe7,\x90U\x8d\x9e\x8e萔\x97\xbf,1004
2025/08/18,8900,\x83A\x83C\x83R\x83\x93\x8d쐬,\x89\xc1\x93\xa1\x8d_\x93\xf1,\x94̔\x84\x8e萔\x97\xbf,1010
2025/08/18,5800,\x90肢\x8aӒ\xe8,\x88\xa2\x95\x94\x90\xe7\x90q,\x83I\x83v\x83V\x83\x87\x83\x93\x8ex\x95\xa5\x82\xa2,1021
2025/08/19,5800,SEO\x91΍\xf4,\x83\x86\x81[\x83U\x81[E,\x83I\x83v\x83V\x83\x87\x83\x93\x8ex\x95\xa5\x82\xa2,1034
2025/08/19,49600,\x83A\x83v\x83\x8a\x8aJ\x94\xad,\x93n\x95Ӓ\xbc\x90l,\x83I\x83v\x83V\x83\x87\x83\x93\x8ex\x95\xa5\x82\xa2,1006
2025/08/19,5400,\x89\xb9\x90\xba\x95\xb6\x8e\x9a\x8bN\x82\xb1\x82\xb5,\x83\x86\x81[\x83U\x81[D,\x82\xa8\x82Ђ˂\xe8(\x92ǉ\xc1\x8ex\x95\xa5\x82\xa2),1033
2025/08/19,7900,\x89摜\x89\xc1\x8dH,\x8eR\x93c\x8e\x9f\x98Y,\x83V\x83X\x83e\x83\x80\x97\x98\x97p\x97\xbf,1003
2025/08/20,16600,LP\x90\xa7\x8d\xec,\x90\xb4\x90\x85\x97R\x94\xfc,\x82\xa8\x82Ђ˂\xe8(\x92ǉ\xc1\x8ex\x95\xa5\x82\xa2),1017
2025/08/20,7800,\x83u\x83\x8d\x83O\x83R\x83\x93\x83T\x83\x8b,\x8b\xb4\x96{\x8c\x92\x88\xea,\x83I\x83v\x83V\x83\x87\x83\x93\x8ex\x95\xa5\x82\xa2,1020
2025/08/20,2100,\x94Y\x82ݑ\x8a\x92k,\x92\x86\x93\x87\x8c\xe5,\x8a\xee\x96{\x97\xbf\x8b\xe0,1024
2025/08/20,12600,LP\x90\xa7\x8d\xec,\x88\xa2\x95\x94\x90\xe7\x90q,\x83I\x83v\x83V\x83\x87\x83\x93\x8ex\x95\xa5\x82\xa2,1021
2025/08/21,6500,\x94Y\x82ݑ\x8a\x92k,\x88\xe4\x8f\xe3\x92B\x96\xe7,\x83V\x83X\x83e\x83\x80\x97\x98\x97p\x97\xbf,1014
2025/08/21,9000,\x94Y\x82ݑ\x8a\x92k,\x83\x86\x81[\x83U\x81[D,\x82\xa8\x82Ђ˂\xe8(\x92ǉ\xc1\x8ex\x95\xa5\x82\xa2),1033
2025/08/21,44000,\x83A\x83v\x83\x8a\x8aJ\x94\xad,\x92\x86\x93\x87\x8c\xe5,\x82\xa8\x82Ђ˂\xe8(\x92ǉ\xc1\x8ex\x95\xa5\x82\xa2),1024
2025/08/21,14000,LP\x90\xa7\x8d\xec,\x93\xa1\x93c\x83j\x83R\x83\x8b,\x83V\x83X\x83e\x83\x80\x97\x98\x97p\x97\xbf,1026
2025/08/21,1400,\x83A\x83C\x83R\x83\x93\x8d쐬,\x89\xaa\x93c\x8fy\x88\xea,\x94̔\x84\x8e萔\x97\xbf,1027
2025/08/22,6500,\x89\xb9\x90\xba\x95\xb6\x8e\x9a\x8bN\x82\xb1\x82\xb5,\x8d\xb2\x93\xa1\x89Ԏq,\x8a\xee\x96{\x97\xbf\x8b\xe0,1002
2025/08/23,700,\x83A\x83C\x83R\x83\x93\x8d쐬,\x8bߓ\xa1\x8ft\x8d\xd8,\x82\xa8\x82Ђ˂\xe8(\x92ǉ\xc1\x8ex\x95\xa5\x82\xa2),1028
2025/08/23,39600,\x83A\x83v\x83\x8a\x8aJ\x94\xad,\x90ΐ삳\x82\xe4\x82\xe8,\x94̔\x84\x8e萔\x97\xbf,1023
2025/08/23,8700,\x83\x8d\x83S\x83f\x83U\x83C\x83\x93,\x93c\x92\x86\x91\xbe\x98Y,\x82\xa8\x82Ђ˂\xe8(\x92ǉ\xc1\x8ex\x95\xa5\x82\xa2),1000
2025/08/23,1700,\x89\xb9\x90\xba\x95\xb6\x8e\x9a\x8bN\x82\xb1\x82\xb5,\x8f\xbc\x96{\x8d\x81\x90D,\x83I\x83v\x83V\x83\x87\x83\x93\x8ex\x95\xa5\x82\xa2,1013
2025/08/23,18600,\x89\xb9\x8ay\x90\xa7\x8d\xec,\x91O\x93c\x93֎q,\x8a\xee\x96{\x97\xbf\x8b\xe0,1025
2025/08/23,1300,\x90肢\x8aӒ\xe8,\x93n\x95Ӓ\xbc\x90l,\x8a\xee\x96{\x97\xbf\x8b\xe0,1006
2025/08/23,8100,\x83u\x83\x8d\x83O\x83R\x83\x93\x83T\x83\x8b,\x88\xe4\x8f\xe3\x92B\x96\xe7,\x90U\x8d\x9e\x8e萔\x97\xbf,1014
2025/08/24,44700,Web\x83T\x83C\x83g\x90\xa7\x8d\xec,\x83\x86\x81[\x83U\x81[A,\x82\xa8\x82Ђ˂\xe8(\x92ǉ\xc1\x8ex\x95\xa5\x82\xa2),1030
2025/08/24,44000,EC\x83T\x83C\x83g\x8d\\x92z,\x8bg\x93c\x96\x83\x88\xdf,\x8a\xee\x96{\x97\xbf\x8b\xe0,1011
2025/08/24,3100,YouTube\x83T\x83\x80\x83l\x83C\x83\x8b,\x93c\x92\x86\x91\xbe\x98Y,\x90U\x8d\x9e\x8e萔\x97\xbf,1000
2025/08/24,4800,\x8e\x97\x8a\xe7\x8aG\x8d쐬,\x93\xa1\x93c\x83j\x83R\x83\x8b,\x83I\x83v\x83V\x83\x87\x83\x93\x8ex\x95\xa5\x82\xa2,1026
2025/08/24,5100,\x83}\x81[\x83P\x83e\x83B\x83\x93\x83O\x91\x8a\x92k,\x8eR\x8d\xe8\x91\xe5\x95\xe3,\x8a\xee\x96{\x97\xbf\x8b\xe0,1018
2025/08/25,6400,\x8e\x97\x8a\xe7\x8aG\x8d쐬,\x93c\x92\x86\x91\xbe\x98Y,\x83I\x83v\x83V\x83\x87\x83\x93\x8ex\x95\xa5\x82\xa2,1000
2025/08/25,7100,\x90肢\x8aӒ\xe8,\x8d\x82\x8b\xb4\x94\xfc\x8d\xe7,\x94̔\x84\x8e萔\x97\xbf,1004
2025/08/25,35300,\x83A\x83v\x83\x8a\x8aJ\x94\xad,\x97яC\x95\xbd,\x83I\x83v\x83V\x83\x87\x83\x93\x8ex\x95\xa5\x82\xa2,1016
2025/08/25,27800,\x89\xb9\x8ay\x90\xa7\x8d\xec,\x92\x86\x91\xba\x97\x9d\x8cb,\x94̔\x84\x8e萔\x97\xbf,1008
2025/08/25,18100,\x83A\x83v\x83\x8a\x8aJ\x94\xad,\x89\x93\x93\xa1\x8c\x9b\x88\xea,\x83V\x83X\x83e\x83\x80\x97\x98\x97p\x97\xbf,1029
2025/08/27,9800,\x8bL\x8e\x96\x8e\xb7\x95M,\x88ɓ\xa1\x8c\x92\x91\xbe,\x83V\x83X\x83e\x83\x80\x97\x98\x97p\x97\xbf,1005
2025/08/27,2100,\x89摜\x89\xc1\x8dH,\x8f\xbc\x96{\x8d\x81\x90D,\x8a\xee\x96{\x97\xbf\x8b\xe0,1013
2025/08/27,3000,\x96\xbc\x8eh\x83f\x83U\x83C\x83\x93,\x92\x86\x93\x87\x8c\xe5,\x90U\x8d\x9e\x8e萔\x97\xbf,1024
2025/08/27,8100,\x83`\x83\x89\x83V\x83f\x83U\x83C\x83\x93,\x97яC\x95\xbd,\x8a\xee\x96{\x97\xbf\x8b\xe0,1016
2025/08/27,2500,\x8bL\x8e\x96\x8e\xb7\x95M,\x8d\xb2\x93\xa1\x89Ԏq,\x90U\x8d\x9e\x8e萔\x97\xbf,1002
2025/08/28,2200,\x83l\x81[\x83~\x83\x93\x83O,\x96ؑ\xba\x82\xa0\x82\xe4\x82\xdd,\x83I\x83v\x83V\x83\x87\x83\x93\x8ex\x95\xa5\x82\xa2,1015
2025/08/28,10000,\x89摜\x89\xc1\x8dH,\x83\x86\x81[\x83U\x81[E,\x8a\xee\x96{\x97\xbf\x8b\xe0,1034
2025/08/28,9400,\x83u\x83\x8d\x83O\x83R\x83\x93\x83T\x83\x8b,\x8bg\x93c\x96\x83\x88\xdf,\x8a\xee\x96{\x97\xbf\x8b\xe0,1011
2025/08/28,8100,\x94Y\x82ݑ\x8a\x92k,\x8bg\x93c\x96\x83\x88\xdf,\x8a\xee\x96{\x97\xbf\x8b\xe0,1011
2025/08/29,40800,\x89\xb9\x8ay\x90\xa7\x8d\xec,\x89\xaa\x93c\x8fy\x88\xea,\x90U\x8d\x9e\x8e萔\x97\xbf,1027
2025/08/29,2100,\x8e\x97\x8a\xe7\x8aG\x8d쐬,\x97яC\x95\xbd,\x83I\x83v\x83V\x83\x87\x83\x93\x8ex\x95\xa5\x82\xa2,1016
2025/08/29,1700,\x8bL\x8e\x96\x8e\xb7\x95M,\x89\xaa\x93c\x8fy\x88\xea,\x94̔\x84\x8e萔\x97\xbf,1027
2025/08/29,4000,SEO\x91΍\xf4,\x88\xe4\x8f\xe3\x92B\x96\xe7,\x8a\xee\x96{\x97\xbf\x8b\xe0,1014
2025/08/30,2700,\x83f\x81[\x83^\x93\xfc\x97\xcd,\x93n\x95Ӓ\xbc\x90l,\x90U\x8d\x9e\x8e萔\x97\xbf,1006
2025/08/30,7200,\x90肢\x8aӒ\xe8,\x90\xb4\x90\x85\x97R\x94\xfc,\x83V\x83X\x83e\x83\x80\x97\x98\x97p\x97\xbf,1017
2025/08/30,9400,\x89\xb9\x90\xba\x95\xb6\x8e\x9a\x8bN\x82\xb1\x82\xb5,\x83\x86\x81[\x83U\x81[C,\x82\xa8\x82Ђ˂\xe8(\x92ǉ\xc1\x8ex\x95\xa5\x82\xa2),1032
2025/08/30,43200,\x83A\x83v\x83\x8a\x8aJ\x94\xad,\x89\x93\x93\xa1\x8c\x9b\x88\xea,\x90U\x8d\x9e\x8e萔\x97\xbf,1029
2025/08/31,9300,\x83o\x83i\x81[\x8d쐬,\x97\xe9\x96؈\xea\x98Y,\x82\xa8\x82Ђ˂\xe8(\x92ǉ\xc1\x8ex\x95\xa5\x82\xa2),1001
2025/08/31,3000,\x8bL\x8e\x96\x8e\xb7\x95M,\x83\x86\x81[\x83U\x81[D,\x82\xa8\x82Ђ˂\xe8(\x92ǉ\xc1\x8ex\x95\xa5\x82\xa2),1033
2025/09/03,4800,\x90肢\x8aӒ\xe8,\x96ؑ\xba\x82\xa0\x82\xe4\x82\xdd,\x83I\x83v\x83V\x83\x87\x83\x93\x8ex\x95\xa5\x82\xa2,1015
2025/09/03,3900,YouTube\x83T\x83\x80\x83l\x83C\x83\x8b,\x88\xa2\x95\x94\x90\xe7\x90q,\x83I\x83v\x83V\x83\x87\x83\x93\x8ex\x95\xa5\x82\xa2,1021
2025/09/03,5700,\x83`\x83\x89\x83V\x83f\x83U\x83C\x83\x93,\x90\xb4\x90\x85\x97R\x94\xfc,\x94̔\x84\x8e萔\x97\xbf,1017
2025/09/03,2000,\x83I\x83\x93\x83\x89\x83C\x83\x93\x94鏑,\x93\xa1\x93c\x83j\x83R\x83\x8b,\x94̔\x84\x8e萔\x97\xbf,1026
2025/09/04,8200,\x89\xb9\x90\xba\x95\xb6\x8e\x9a\x8bN\x82\xb1\x82\xb5,\x97яC\x95\xbd,\x90U\x8d\x9e\x8e萔\x97\xbf,1016
2025/09/04,9900,\x83f\x81[\x83^\x93\xfc\x97\xcd,\x91\xba\x8f㗲,\x83I\x83v\x83V\x83\x87\x83\x93\x8ex\x95\xa5\x82\xa2,1022
2025/09/04,55900,\x89\xb9\x8ay\x90\xa7\x8d\xec,\x83\x86\x81[\x83U\x81[B,\x90U\x8d\x9e\x8e萔\x97\xbf,1031
2025/09/04,12800,EC\x83T\x83C\x83g\x8d\\x92z,\x97яC\x95\xbd,\x83I\x83v\x83V\x83\x87\x83\x93\x8ex\x95\xa5\x82\xa2,1016
2025/09/04,5300,\x8e\x97\x8a\xe7\x8aG\x8d쐬,\x91\xba\x8f㗲,\x83I\x83v\x83V\x83\x87\x83\x93\x8ex\x95\xa5\x82\xa2,1022
2025/09/05,10000,\x96|\x96\xf3\x83T\x81[\x83r\x83X,\x88\xa2\x95\x94\x90\xe7\x90q,\x82\xa8\x82Ђ˂\xe8(\x92ǉ\xc1\x8ex\x95\xa5\x82\xa2),1021
2025/09/05,8700,YouTube\x83T\x83\x80\x83l\x83C\x83\x8b,\x83\x86\x81[\x83U\x81[C,\x83I\x83v\x83V\x83\x87\x83\x93\x8ex\x95\xa5\x82\xa2,1032
2025/09/05,29600,\x83A\x83v\x83\x8a\x8aJ\x94\xad,\x89\x93\x93\xa1\x8c\x9b\x88\xea,\x90U\x8d\x9e\x8e萔\x97\xbf,1029
2025/09/06,1500,\x8e\x97\x8a\xe7\x8aG\x8d쐬,\x83\x86\x81[\x83U\x81[B,\x83I\x83v\x83V\x83\x87\x83\x93\x8ex\x95\xa5\x82\xa2,1031
2025/09/06,42300,\x83A\x83v\x83\x8a\x8aJ\x94\xad,\x8f\xac\x97ѐ\xb3\x8e\xf7,\x83V\x83X\x83e\x83\x80\x97\x98\x97p\x97\xbf,1009
2025/09/06,45500,LP\x90\xa7\x8d\xec,\x97яC\x95\xbd,\x8a\xee\x96{\x97\xbf\x8b\xe0,1016
2025/09/06,4800,\x93\xae\x89\xe6\x95ҏW,\x8bߓ\xa1\x8ft\x8d\xd8,\x90U\x8d\x9e\x8e萔\x97\xbf,1028
2025/09/06,2500,\x89摜\x89\xc1\x8dH,\x8eR\x96{\x97D\x8eq,\x82\xa8\x82Ђ˂\xe8(\x92ǉ\xc1\x8ex\x95\xa5\x82\xa2),1007
2025/09/06,9500,\x83v\x83\x8d\x83O\x83\x89\x83~\x83\x93\x83O\x8ew\x93\xb1,\x83\x86\x81[\x83U\x81[B,\x83V\x83X\x83e\x83\x80\x97\x98\x97p\x97\xbf,1031
2025/09/06,3400,\x89摜\x89\xc1\x8dH,\x8eR\x93c\x8e\x9f\x98Y,\x83I\x83v\x83V\x83\x87\x83\x93\x8ex\x95\xa5\x82\xa2,1003
2025/09/06,8300,\x83l\x81[\x83~\x83\x93\x83O,\x89\xc1\x93\xa1\x8d_\x93\xf1,\x8a\xee\x96{\x97\xbf\x8b\xe0,1010
2025/09/07,2100,\x83`\x83\x89\x83V\x83f\x83U\x83C\x83\x93,\x90ΐ삳\x82\xe4\x82\xe8,\x82\xa8\x82Ђ˂\xe8(\x92ǉ\xc1\x8ex\x95\xa5\x82\xa2),1023
2025/09/07,7900,\x83}\x81[\x83P\x83e\x83B\x83\x93\x83O\x91\x8a\x92k,\x83\x86\x81[\x83U\x81[B,\x94̔\x84\x8e萔\x97\xbf,1031
2025/09/08,7500,SNS\x89^\x97p\x91\xe3\x8ds,\x91\xba\x8f㗲,\x82\xa8\x82Ђ˂\xe8(\x92ǉ\xc1\x8ex\x95\xa5\x82\xa2),1022
2025/09/08,900,\x96|\x96\xf3\x83T\x81[\x83r\x83X,\x8d\xb2\x81X\x96ؗ\xba,\x82\xa8\x82Ђ˂\xe8(\x92ǉ\xc1\x8ex\x95\xa5\x82\xa2),1012
2025/09/08,2600,\x83\x8d\x83S\x83f\x83U\x83C\x83\x93,\x91O\x93c\x93֎q,\x82\xa8\x82Ђ˂\xe8(\x92ǉ\xc1\x8ex\x95\xa5\x82\xa2),1025
2025/09/09,200,\x83o\x83i\x81[\x8d쐬,\x8d\xb2\x93\xa1\x89Ԏq,\x94̔\x84\x8e萔\x97\xbf,1002
2025/09/10,6200,YouTube\x83T\x83\x80\x83l\x83C\x83\x8b,\x8f\xac\x97ѐ\xb3\x8e\xf7,\x8a\xee\x96{\x97\xbf\x8b\xe0,1009
2025/09/10,8300,\x8e\x97\x8a\xe7\x8aG\x8d쐬,\x88\xa2\x95\x94\x90\xe7\x90q,\x94̔\x84\x8e萔\x97\xbf,1021
2025/09/11,9300,\x93\xae\x89\xe6\x95ҏW,\x88\xe4\x8f\xe3\x92B\x96\xe7,\x90U\x8d\x9e\x8e萔\x97\xbf,1014
2025/09/11,6700,\x89\xb9\x90\xba\x95\xb6\x8e\x9a\x8bN\x82\xb1\x82\xb5,\x93n\x95Ӓ\xbc\x90l,\x83V\x83X\x83e\x83\x80\x97\x98\x97p\x97\xbf,1006
2025/09/12,2500,\x96\xbc\x8eh\x83f\x83U\x83C\x83\x93,\x96ؑ\xba\x82\xa0\x82\xe4\x82\xdd,\x82\xa8\x82Ђ˂\xe8(\x92ǉ\xc1\x8ex\x95\xa5\x82\xa2),1015
2025/09/12,6100,\x8bL\x8e\x96\x8e\xb7\x95M,\x93n\x95Ӓ\xbc\x90l,\x83I\x83v\x83V\x83\x87\x83\x93\x8ex\x95\xa5\x82\xa2,1006
2025/09/12,1100,\x83o\x83i\x81[\x8d쐬,\x83\x86\x81[\x83U\x81[C,\x94̔\x84\x8e萔\x97\xbf,1032
2025/09/12,5200,\x83\x8d\x83S\x83f\x83U\x83C\x83\x93,\x90\xb4\x90\x85\x97R\x94\xfc,\x82\xa8\x82Ђ˂\xe8(\x92ǉ\xc1\x8ex\x95\xa5\x82\xa2),1017
2025/09/12,9500,\x83p\x83\x8f\x81[\x83|\x83C\x83\x93\x83g\x8d쐬,\x8d\xb2\x81X\x96ؗ\xba,\x83I\x83v\x83V\x83\x87\x83\x93\x8ex\x95\xa5\x82\xa2,1012
2025/09/13,9300,\x83p\x83\x8f\x81[\x83|\x83C\x83\x93\x83g\x8d쐬,\x90\xb4\x90\x85\x97R\x94\xfc,\x83I\x83v\x83V\x83\x87\x83\x93\x8ex\x95\xa5\x82\xa2,1017
2025/09/13,11100,\x83A\x83v\x83\x8a\x8aJ\x94\xad,\x97яC\x95\xbd,\x82\xa8\x82Ђ˂\xe8(\x92ǉ\xc1\x8ex\x95\xa5\x82\xa2),1016
2025/09/13,9500,SEO\x91΍\xf4,\x93n\x95Ӓ\xbc\x90l,\x94̔\x84\x8e萔\x97\xbf,1006
2025/09/13,9800,\x8bL\x8e\x96\x8e\xb7\x95M,\x90ΐ삳\x82\xe4\x82\xe8,\x82\xa8\x82Ђ˂\xe8(\x92ǉ\xc1\x8ex\x95\xa5\x82\xa2),1023
2025/09/13,5700,\x83`\x83\x89\x83V\x83f\x83U\x83C\x83\x93,\x83\x86\x81[\x83U\x81[D,\x94̔\x84\x8e萔\x97\xbf,1033
2025/09/13,6800,\x83L\x83\x83\x83b\x83`\x83R\x83s\x81[\x8d쐬,\x83\x86\x81[\x83U\x81[C,\x83I\x83v\x83V\x83\x87\x83\x93\x8ex\x95\xa5\x82\xa2,1032
2025/09/14,7600,\x93\xae\x89\xe6\x95ҏW,\x8d\x82\x8b\xb4\x94\xfc\x8d\xe7,\x94̔\x84\x8e萔\x97\xbf,1004
2025/09/14,7300,\x83v\x83\x8d\x83O\x83\x89\x83~\x83\x93\x83O\x8ew\x93\xb1,\x89\xc1\x93\xa1\x8d_\x93\xf1,\x8a\xee\x96{\x97\xbf\x8b\xe0,1010
2025/09/14,4300,\x83u\x83\x8d\x83O\x83R\x83\x93\x83T\x83\x8b,\x89\xc1\x93\xa1\x8d_\x93\xf1,\x83V\x83X\x83e\x83\x80\x97\x98\x97p\x97\xbf,1010
2025/09/14,4300,\x83u\x83\x8d\x83O\x83R\x83\x93\x83T\x83\x8b,\x89\xaa\x93c\x8fy\x88\xea,\x8a\xee\x96{\x97\xbf\x8b\xe0,1027
2025/09/15,6500,\x83`\x83\x89\x83V\x83f\x83U\x83C\x83\x93,\x88\xe4\x8f\xe3\x92B\x96\xe7,\x8a\xee\x96{\x97\xbf\x8b\xe0,1014
2025/09/16,3000,\x96|\x96\xf3\x83T\x81[\x83r\x83X,\x83\x86\x81[\x83U\x81[B,\x8a\xee\x96{\x97\xbf\x8b\xe0,1031
2025/09/16,1500,\x83\x8d\x83S\x83f\x83U\x83C\x83\x93,\x93\xa1\x93c\x83j\x83R\x83\x8b,\x83V\x83X\x83e\x83\x80\x97\x98\x97p\x97\xbf,1026
2025/09/16,6600,SNS\x89^\x97p\x91\xe3\x8ds,\x8b\xb4\x96{\x8c\x92\x88\xea,\x83I\x83v\x83V\x83\x87\x83\x93\x8ex\x95\xa5\x82\xa2,1020
2025/09/16,3400,\x96\xbc\x8eh\x83f\x83U\x83C\x83\x93,\x97яC\x95\xbd,\x83I\x83v\x83V\x83\x87\x83\x93\x8ex\x95\xa5\x82\xa2,1016
2025/09/16,1200,\x83v\x83\x8d\x83O\x83\x89\x83~\x83\x93\x83O\x8ew\x93\xb1,\x8f\xbc\x96{\x8d\x81\x90D,\x8a\xee\x96{\x97\xbf\x8b\xe0,1013
2025/09/17,4500,SEO\x91΍\xf4,\x88\xe4\x8f\xe3\x92B\x96\xe7,\x90U\x8d\x9e\x8e萔\x97\xbf,1014
2025/09/18,12400,\x83A\x83v\x83\x8a\x8aJ\x94\xad,\x83\x86\x81[\x83U\x81[B,\x83V\x83X\x83e\x83\x80\x97\x98\x97p\x97\xbf,1031
2025/09/18,600,\x83o\x83i\x81[\x8d쐬,\x8eR\x8d\xe8\x91\xe5\x95\xe3,\x90U\x8d\x9e\x8e萔\x97\xbf,1018
2025/09/18,5200,\x83L\x83\x83\x83b\x83`\x83R\x83s\x81[\x8d쐬,\x90ΐ삳\x82\xe4\x82\xe8,\x83V\x83X\x83e\x83\x80\x97\x98\x97p\x97\xbf,1023
2025/09/18,1900,YouTube\x83T\x83\x80\x83l\x83C\x83\x8b,\x91\xba\x8f㗲,\x8a\xee\x96{\x97\xbf\x8b\xe0,1022
2025/09/19,4800,\x83p\x83\x8f\x81[\x83|\x83C\x83\x93\x83g\x8d쐬,\x97яC\x95\xbd,\x8a\xee\x96{\x97\xbf\x8b\xe0,1016
2025/09/19,6900,\x83v\x83\x8d\x83O\x83\x89\x83~\x83\x93\x83O\x8ew\x93\xb1,\x8eR\x8d\xe8\x91\xe5\x95\xe3,\x82\xa8\x82Ђ˂\xe8(\x92ǉ\xc1\x8ex\x95\xa5\x82\xa2),1018
2025/09/19,30600,EC\x83T\x83C\x83g\x8d\\x92z,\x88ɓ\xa1\x8c\x92\x91\xbe,\x94̔\x84\x8e萔\x97\xbf,1005
2025/09/19,4200,\x83f\x81[\x83^\x93\xfc\x97\xcd,\x97\xe9\x96؈\xea\x98Y,\x8a\xee\x96{\x97\xbf\x8b\xe0,1001
2025/09/19,2400,\x83C\x83\x89\x83X\x83g\x8d쐬,\x8b\xb4\x96{\x8c\x92\x88\xea,\x94̔\x84\x8e萔\x97\xbf,1020
2025/09/20,15500,\x89\xb9\x8ay\x90\xa7\x8d\xec,\x8d\x82\x8b\xb4\x94\xfc\x8d\xe7,\x82\xa8\x82Ђ˂\xe8(\x92ǉ\xc1\x8ex\x95\xa5\x82\xa2),1004
2025/09/20,4800,SNS\x89^\x97p\x91\xe3\x8ds,\x8d\xb2\x93\xa1\x89Ԏq,\x94̔\x84\x8e萔\x97\xbf,1002
2025/09/20,800,\x83L\x83\x83\x83b\x83`\x83R\x83s\x81[\x8d쐬,\x83\x86\x81[\x83U\x81[A,\x90U\x8d\x9e\x8e萔\x97\xbf,1030
2025/09/20,4700,\x83L\x83\x83\x83b\x83`\x83R\x83s\x81[\x8d쐬,\x92\x86\x93\x87\x8c\xe5,\x82\xa8\x82Ђ˂\xe8(\x92ǉ\xc1\x8ex\x95\xa5\x82\xa2),1024
2025/09/21,9400,\x83A\x83C\x83R\x83\x93\x8d쐬,\x83\x86\x81[\x83U\x81[D,\x83I\x83v\x83V\x83\x87\x83\x93\x8ex\x95\xa5\x82\xa2,1033
2025/09/21,6400,\x8e\x97\x8a\xe7\x8aG\x8d쐬,\x91\xba\x8f㗲,\x83I\x83v\x83V\x83\x87\x83\x93\x8ex\x95\xa5\x82\xa2,1022
2025/09/22,6100,\x94Y\x82ݑ\x8a\x92k,\x8d\x82\x8b\xb4\x94\xfc\x8d\xe7,\x8a\xee\x96{\x97\xbf\x8b\xe0,1004
2025/09/22,3300,\x8bL\x8e\x96\x8e\xb7\x95M,\x83\x86\x81[\x83U\x81[C,\x83I\x83v\x83V\x83\x87\x83\x93\x8ex\x95\xa5\x82\xa2,1032
2025/09/22,6200,Web\x83T\x83C\x83g\x90\xa7\x8d\xec,\x89\x93\x93\xa1\x8c\x9b\x88\xea,\x94̔\x84\x8e萔\x97\xbf,1029
2025/09/22,5800,\x83C\x83\x89\x83X\x83g\x8d쐬,\x88\xa2\x95\x94\x90\xe7\x90q,\x83I\x83v\x83V\x83\x87\x83\x93\x8ex\x95\xa5\x82\xa2,1021
2025/09/23,6900,\x83u\x83\x8d\x83O\x83R\x83\x93\x83T\x83\x8b,\x8eR\x8d\xe8\x91\xe5\x95\xe3,\x8a\xee\x96{\x97\xbf\x8b\xe0,1018
2025/09/23,9600,\x96|\x96\xf3\x83T\x81[\x83r\x83X,\x8bg\x93c\x96\x83\x88\xdf,\x90U\x8d\x9e\x8e萔\x97\xbf,1011
2025/09/23,8100,\x8e\x97\x8a\xe7\x8aG\x8d쐬,\x89\xc1\x93\xa1\x8d_\x93\xf1,\x8a\xee\x96{\x97\xbf\x8b\xe0,1010
2025/09/23,2900,\x83}\x81[\x83P\x83e\x83B\x83\x93\x83O\x91\x8a\x92k,\x90ΐ삳\x82\xe4\x82\xe8,\x94̔\x84\x8e萔\x97\xbf,1023
2025/09/24,2300,\x96\xbc\x8eh\x83f\x83U\x83C\x83\x93,\x83\x86\x81[\x83U\x81[A,\x90U\x8d\x9e\x8e萔\x97\xbf,1030
2025/09/24,3400,\x83l\x81[\x83~\x83\x93\x83O,\x8bߓ\xa1\x8ft\x8d\xd8,\x90U\x8d\x9e\x8e萔\x97\xbf,1028
2025/09/25,4300,SEO\x91΍\xf4,\x8f\xac\x97ѐ\xb3\x8e\xf7,\x8a\xee\x96{\x97\xbf\x8b\xe0,1009
2025/09/25,600,\x96\xbc\x8eh\x83f\x83U\x83C\x83\x93,\x8b\xb4\x96{\x8c\x92\x88\xea,\x82\xa8\x82Ђ˂\xe8(\x92ǉ\xc1\x8ex\x95\xa5\x82\xa2),1020
2025/09/26,9600,\x83L\x83\x83\x83b\x83`\x83R\x83s\x81[\x8d쐬,\x93\xa1\x93c\x83j\x83R\x83\x8b,\x90U\x8d\x9e\x8e萔\x97\xbf,1026
2025/09/26,3400,SNS\x89^\x97p\x91\xe3\x8ds,\x8f\xbc\x96{\x8d\x81\x90D,\x83V\x83X\x83e\x83\x80\x97\x98\x97p\x97\xbf,1013
2025/09/26,900,\x83`\x83\x89\x83V\x83f\x83U\x83C\x83\x93,\x8d\xb2\x81X\x96ؗ\xba,\x83I\x83v\x83V\x83\x87\x83\x93\x8ex\x95\xa5\x82\xa2,1012
2025/09/26,6700,SEO\x91΍\xf4,\x90\xb4\x90\x85\x97R\x94\xfc,\x8a\xee\x96{\x97\xbf\x8b\xe0,1017
2025/09/26,1900,\x83\x8d\x83S\x83f\x83U\x83C\x83\x93,\x8bߓ\xa1\x8ft\x8d\xd8,\x83I\x83v\x83V\x83\x87\x83\x93\x8ex\x95\xa5\x82\xa2,1028
2025/09/27,7600,\x89摜\x89\xc1\x8dH,\x8d\x82\x8b\xb4\x94\xfc\x8d\xe7,\x82\xa8\x82Ђ˂\xe8(\x92ǉ\xc1\x8ex\x95\xa5\x82\xa2),1004
2025/09/27,4500,\x83o\x83i\x81[\x8d쐬,\x93\xa1\x93c\x83j\x83R\x83\x8b,\x94̔\x84\x8e萔\x97\xbf,1026
2025/09/27,1800,SNS\x89^\x97p\x91\xe3\x8ds,\x90ΐ삳\x82\xe4\x82\xe8,\x94̔\x84\x8e萔\x97\xbf,1023
2025/09/27,7300,SNS\x89^\x97p\x91\xe3\x8ds,\x88ɓ\xa1\x8c\x92\x91\xbe,\x94̔\x84\x8e萔\x97\xbf,1005
2025/09/27,8800,\x96\xbc\x8eh\x83f\x83U\x83C\x83\x93,\x8eR\x8d\xe8\x91\xe5\x95\xe3,\x94̔\x84\x8e萔\x97\xbf,1018
2025/09/27,1100,\x83p\x83\x8f\x81[\x83|\x83C\x83\x93\x83g\x8d쐬,\x8f\xbc\x96{\x8d\x81\x90D,\x83I\x83v\x83V\x83\x87\x83\x93\x8ex\x95\xa5\x82\xa2,1013
2025/09/28,8700,\x83l\x81[\x83~\x83\x93\x83O,\x83\x86\x81[\x83U\x81[C,\x90U\x8d\x9e\x8e萔\x97\xbf,1032
2025/09/28,5400,\x83I\x83\x93\x83\x89\x83C\x83\x93\x94鏑,\x83\x86\x81[\x83U\x81[A,\x8a\xee\x96{\x97\xbf\x8b\xe0,1030
2025/09/28,5900,\x96|\x96\xf3\x83T\x81[\x83r\x83X,\x83\x86\x81[\x83U\x81[D,\x82\xa8\x82Ђ˂\xe8(\x92ǉ\xc1\x8ex\x95\xa5\x82\xa2),1033
2025/09/28,34000,EC\x83T\x83C\x83g\x8d\\x92z,\x89\xaa\x93c\x8fy\x88\xea,\x8a\xee\x96{\x97\xbf\x8b\xe0,1027
2025/09/28,9000,\x83\x8d\x83S\x83f\x83U\x83C\x83\x93,\x88\xa2\x95\x94\x90\xe7\x90q,\x90U\x8d\x9e\x8e萔\x97\xbf,1021
2025/09/29,4300,\x83`\x83\x89\x83V\x83f\x83U\x83C\x83\x93,\x8eR\x8d\xe8\x91\xe5\x95\xe3,\x83V\x83X\x83e\x83\x80\x97\x98\x97p\x97\xbf,1018
2025/09/30,6600,\x89摜\x89\xc1\x8dH,\x91\xba\x8f㗲,\x83V\x83X\x83e\x83\x80\x97\x98\x97p\x97\xbf,1022
2025/09/30,56400,LP\x90\xa7\x8d\xec,\x8f\xbc\x96{\x8d\x81\x90D,\x90U\x8d\x9e\x8e萔\x97\xbf,1013
2025/09/30,5300,\x83v\x83\x8d\x83O\x83\x89\x83~\x83\x93\x83O\x8ew\x93\xb1,\x91\xba\x8f㗲,\x94̔\x84\x8e萔\x97\xbf,1022
2025/09/30,3600,\x96|\x96\xf3\x83T\x81[\x83r\x83X,\x83\x86\x81[\x83U\x81[E,\x90U\x8d\x9e\x8e萔\x97\xbf,1034
2025/10/01,2900,\x83p\x83\x8f\x81[\x83|\x83C\x83\x93\x83g\x8d쐬,\x8d\xb2\x93\xa1\x89Ԏq,\x94̔\x84\x8e萔\x97\xbf,1002
2025/10/01,7000,\x83I\x83\x93\x83\x89\x83C\x83\x93\x94鏑,\x89\xaa\x93c\x8fy\x88\xea,\x82\xa8\x82Ђ˂\xe8(\x92ǉ\xc1\x8ex\x95\xa5\x82\xa2),1027
2025/10/01,8200,\x83v\x83\x8d\x83O\x83\x89\x83~\x83\x93\x83O\x8ew\x93\xb1,\x92\x86\x91\xba\x97\x9d\x8cb,\x94̔\x84\x8e萔\x97\xbf,1008
2025/10/01,50300,LP\x90\xa7\x8d\xec,\x88\xa2\x95\x94\x90\xe7\x90q,\x8a\xee\x96{\x97\xbf\x8b\xe0,1021
2025/10/01,4100,\x83v\x83\x8d\x83O\x83\x89\x83~\x83\x93\x83O\x8ew\x93\xb1,\x90ΐ삳\x82\xe4\x82\xe8,\x94̔\x84\x8e萔\x97\xbf,1023
2025/10/02,7700,\x89摜\x89\xc1\x8dH,\x92\x86\x91\xba\x97\x9d\x8cb,\x83I\x83v\x83V\x83\x87\x83\x93\x8ex\x95\xa5\x82\xa2,1008
2025/10/02,700,\x8bL\x8e\x96\x8e\xb7\x95M,\x8eR\x8d\xe8\x91\xe5\x95\xe3,\x94̔\x84\x8e萔\x97\xbf,1018
2025/10/02,7900,\x83}\x81[\x83P\x83e\x83B\x83\x93\x83O\x91\x8a\x92k,\x90ΐ삳\x82\xe4\x82\xe8,\x83V\x83X\x83e\x83\x80\x97\x98\x97p\x97\xbf,1023
2025/10/02,5000,\x83C\x83\x89\x83X\x83g\x8d쐬,\x91\xba\x8f㗲,\x8a\xee\x96{\x97\xbf\x8b\xe0,1022
2025/10/03,7400,\x94Y\x82ݑ\x8a\x92k,\x90ΐ삳\x82\xe4\x82\xe8,\x90U\x8d\x9e\x8e萔\x97\xbf,1023
2025/10/03,3200,\x8e\x97\x8a\xe7\x8aG\x8d쐬,\x89\xc1\x93\xa1\x8d_\x93\xf1,\x8a\xee\x96{\x97\xbf\x8b\xe0,1010
2025/10/03,1200,\x83I\x83\x93\x83\x89\x83C\x83\x93\x94鏑,\x91\xba\x8f㗲,\x90U\x8d\x9e\x8e萔\x97\xbf,1022
2025/10/03,7400,\x96|\x96\xf3\x83T\x81[\x83r\x83X,\x96ؑ\xba\x82\xa0\x82\xe4\x82\xdd,\x83V\x83X\x83e\x83\x80\x97\x98\x97p\x97\xbf,1015
2025/10/03,6000,\x96\xbc\x8eh\x83f\x83U\x83C\x83\x93,\x8d\xb2\x81X\x96ؗ\xba,\x90U\x8d\x9e\x8e萔\x97\xbf,1012
2025/10/04,5300,\x83}\x81[\x83P\x83e\x83B\x83\x93\x83O\x91\x8a\x92k,\x8d\xb2\x93\xa1\x89Ԏq,\x82\xa8\x82Ђ˂\xe8(\x92ǉ\xc1\x8ex\x95\xa5\x82\xa2),1002
2025/10/04,5400,YouTube\x83T\x83\x80\x83l\x83C\x83\x8b,\x8b\xb4\x96{\x8c\x92\x88\xea,\x83I\x83v\x83V\x83\x87\x83\x93\x8ex\x95\xa5\x82\xa2,1020
2025/10/04,1700,\x83}\x81[\x83P\x83e\x83B\x83\x93\x83O\x91\x8a\x92k,\x8d\xb2\x81X\x96ؗ\xba,\x90U\x8d\x9e\x8e萔\x97\xbf,1012
2025/10/04,3700,\x89\xb9\x90\xba\x95\xb6\x8e\x9a\x8bN\x82\xb1\x82\xb5,\x8eR\x93c\x8e\x9f\x98Y,\x83V\x83X\x83e\x83\x80\x97\x98\x97p\x97\xbf,1003
2025/10/05,7600,\x96\xbc\x8eh\x83f\x83U\x83C\x83\x93,\x88\xe4\x8f\xe3\x92B\x96\xe7,\x82\xa8\x82Ђ˂\xe8(\x92ǉ\xc1\x8ex\x95\xa5\x82\xa2),1014
2025/10/05,7000,\x93\xae\x89\xe6\x95ҏW,\x93c\x92\x86\x91\xbe\x98Y,\x83V\x83X\x83e\x83\x80\x97\x98\x97p\x97\xbf,1000
2025/10/05,6600,\x83I\x83\x93\x83\x89\x83C\x83\x93\x94鏑,\x96ؑ\xba\x82\xa0\x82\xe4\x82\xdd,\x8a\xee\x96{\x97\xbf\x8b\xe0,1015
2025/10/05,6500,SEO\x91΍\xf4,\x88ɓ\xa1\x8c\x92\x91\xbe,\x8a\xee\x96{\x97\xbf\x8b\xe0,1005
2025/10/05,21900,EC\x83T\x83C\x83g\x8d\\x92z,\x91\xba\x8f㗲,\x83V\x83X\x83e\x83\x80\x97\x98\x97p\x97\xbf,1022
2025/10/05,1300,\x93\xae\x89\xe6\x95ҏW,\x8eR\x93c\x8e\x9f\x98Y,\x94̔\x84\x8e萔\x97\xbf,1003
2025/10/05,10000,\x8e\x97\x8a\xe7\x8aG\x8d쐬,\x83\x86\x81[\x83U\x81[A,\x82\xa8\x82Ђ˂\xe8(\x92ǉ\xc1\x8ex\x95\xa5\x82\xa2),1030
2025/10/05,1900,\x83l\x81[\x83~\x83\x93\x83O,\x88ɓ\xa1\x8c\x92\x91\xbe,\x83V\x83X\x83e\x83\x80\x97\x98\x97p\x97\xbf,1005
2025/10/06,1500,\x8bL\x8e\x96\x8e\xb7\x95M,\x89\xc1\x93\xa1\x8d_\x93\xf1,\x82\xa8\x82Ђ˂\xe8(\x92ǉ\xc1\x8ex\x95\xa5\x82\xa2),1010
2025/10/06,3200,\x83C\x83\x89\x83X\x83g\x8d쐬,\x8d\xb2\x81X\x96ؗ\xba,\x90U\x8d\x9e\x8e萔\x97\xbf,1012
2025/10/06,9500,\x83\x8d\x83S\x83f\x83U\x83C\x83\x93,\x8bg\x93c\x96\x83\x88\xdf,\x83V\x83X\x83e\x83\x80\x97\x98\x97p\x97\xbf,1011
2025/10/06,7800,\x83C\x83\x89\x83X\x83g\x8d쐬,\x83\x86\x81[\x83U\x81[B,\x83V\x83X\x83e\x83\x80\x97\x98\x97p\x97\xbf,1031
2025/10/06,8600,\x83I\x83\x93\x83\x89\x83C\x83\x93\x94鏑,\x88\xe4\x8f\xe3\x92B\x96\xe7,\x82\xa8\x82Ђ˂\xe8(\x92ǉ\xc1\x8ex\x95\xa5\x82\xa2),1014
2025/10/07,6200,\x83C\x83\x89\x83X\x83g\x8d쐬,\x96ؑ\xba\x82\xa0\x82\xe4\x82\xdd,\x90U\x8d\x9e\x8e萔\x97\xbf,1015
2025/10/07,26400,Web\x83T\x83C\x83g\x90\xa7\x8d\xec,\x93n\x95Ӓ\xbc\x90l,\x83I\x83v\x83V\x83\x87\x83\x93\x8ex\x95\xa5\x82\xa2,1006
2025/10/07,30700,Web\x83T\x83C\x83g\x90\xa7\x8d\xec,\x92\x86\x93\x87\x8c\xe5,\x90U\x8d\x9e\x8e萔\x97\xbf,1024
2025/10/07,900,SNS\x89^\x97p\x91\xe3\x8ds,\x8d\xb2\x93\xa1\x89Ԏq,\x94̔\x84\x8e萔\x97\xbf,1002
2025/10/08,1900,\x83L\x83\x83\x83b\x83`\x83R\x83s\x81[\x8d쐬,\x88\xa2\x95\x94\x90\xe7\x90q,\x94̔\x84\x8e萔\x97\xbf,1021
2025/10/10,5800,\x83I\x83\x93\x83\x89\x83C\x83\x93\x94鏑,\x88\xe4\x8f\xe3\x92B\x96\xe7,\x83I\x83v\x83V\x83\x87\x83\x93\x8ex\x95\xa5\x82\xa2,1014
2025/10/10,40700,EC\x83T\x83C\x83g\x8d\\x92z,\x8d\xb2\x93\xa1\x89Ԏq,\x94̔\x84\x8e萔\x97\xbf,1002
2025/10/11,4200,\x83o\x83i\x81[\x8d쐬,\x88ɓ\xa1\x8c\x92\x91\xbe,\x90U\x8d\x9e\x8e萔\x97\xbf,1005
2025/10/11,4200,\x83o\x83i\x81[\x8d쐬,\x92\x86\x91\xba\x97\x9d\x8cb,\x83V\x83X\x83e\x83\x80\x97\x98\x97p\x97\xbf,1008
2025/10/11,8500,\x83A\x83C\x83R\x83\x93\x8d쐬,\x8d\xb2\x93\xa1\x89Ԏq,\x83V\x83X\x83e\x83\x80\x97\x98\x97p\x97\xbf,1002
2025/10/11,6800,\x96|\x96\xf3\x83T\x81[\x83r\x83X,\x88\xe4\x8f\xe3\x92B\x96\xe7,\x83V\x83X\x83e\x83\x80\x97\x98\x97p\x97\xbf,1014
2025/10/11,5300,\x83C\x83\x89\x83X\x83g\x8d쐬,\x8b\xb4\x96{\x8c\x92\x88\xea,\x83V\x83X\x83e\x83\x80\x97\x98\x97p\x97\xbf,1020
2025/10/12,8700,\x8e\x97\x8a\xe7\x8aG\x8d쐬,\x97яC\x95\xbd,\x90U\x8d\x9e\x8e萔\x97\xbf,1016
2025/10/12,2200,\x89摜\x89\xc1\x8dH,\x8eR\x96{\x97D\x8eq,\x94̔\x84\x8e萔\x97\xbf,1007
2025/10/12,5000,\x96|\x96\xf3\x83T\x81[\x83r\x83X,\x88ɓ\xa1\x8c\x92\x91\xbe,\x83I\x83v\x83V\x83\x87\x83\x93\x8ex\x95\xa5\x82\xa2,1005
2025/10/13,800,\x8bL\x8e\x96\x8e\xb7\x95M,\x83\x86\x81[\x83U\x81[C,\x90U\x8d\x9e\x8e萔\x97\xbf,1032
2025/10/13,4500,\x83v\x83\x8d\x83O\x83\x89\x83~\x83\x93\x83O\x8ew\x93\xb1,\x83\x86\x81[\x83U\x81[E,\x8a\xee\x96{\x97\xbf\x8b\xe0,1034
2025/10/13,2900,YouTube\x83T\x83\x80\x83l\x83C\x83\x8b,\x83\x86\x81[\x83U\x81[B,\x94̔\x84\x8e萔\x97\xbf,1031
2025/10/14,7500,\x83f\x81[\x83^\x93\xfc\x97\xcd,\x92r\x93c\x90^\x97R\x94\xfc,\x83V\x83X\x83e\x83\x80\x97\x98\x97p\x97\xbf,1019
2025/10/14,45400,EC\x83T\x83C\x83g\x8d\\x92z,\x93c\x92\x86\x91\xbe\x98Y,\x94̔\x84\x8e萔\x97\xbf,1000
2025/10/14,800,\x83\x8d\x83S\x83f\x83U\x83C\x83\x93,\x97яC\x95\xbd,\x90U\x8d\x9e\x8e萔\x97\xbf,1016
2025/10/15,2800,\x83f\x81[\x83^\x93\xfc\x97\xcd,\x92r\x93c\x90^\x97R\x94\xfc,\x82\xa8\x82Ђ˂\xe8(\x92ǉ\xc1\x8ex\x95\xa5\x82\xa2),1019
2025/10/15,500,\x83\x8d\x83S\x83f\x83U\x83C\x83\x93,\x88\xe4\x8f\xe3\x92B\x96\xe7,\x90U\x8d\x9e\x8e萔\x97\xbf,1014
2025/10/15,700,YouTube\x83T\x83\x80\x83l\x83C\x83\x8b,\x92\x86\x91\xba\x97\x9d\x8cb,\x8a\xee\x96{\x97\xbf\x8b\xe0,1008
2025/10/16,7900,\x96\xbc\x8eh\x83f\x83U\x83C\x83\x93,\x89\xc1\x93\xa1\x8d_\x93\xf1,\x90U\x8d\x9e\x8e萔\x97\xbf,1010
2025/10/17,4300,\x96\xbc\x8eh\x83f\x83U\x83C\x83\x93,\x8d\xb2\x81X\x96ؗ\xba,\x8a\xee\x96{\x97\xbf\x8b\xe0,1012
2025/10/17,7300,\x83f\x81[\x83^\x93\xfc\x97\xcd,\x83\x86\x81[\x83U\x81[D,\x83I\x83v\x83V\x83\x87\x83\x93\x8ex\x95\xa5\x82\xa2,1033
2025/10/17,3400,\x96\xbc\x8eh\x83f\x83U\x83C\x83\x93,\x90ΐ삳\x82\xe4\x82\xe8,\x82\xa8\x82Ђ˂\xe8(\x92ǉ\xc1\x8ex\x95\xa5\x82\xa2),1023
2025/10/17,43300,LP\x90\xa7\x8d\xec,\x88ɓ\xa1\x8c\x92\x91\xbe,\x90U\x8d\x9e\x8e萔\x97\xbf,1005
2025/10/17,2500,\x90肢\x8aӒ\xe8,\x8b\xb4\x96{\x8c\x92\x88\xea,\x82\xa8\x82Ђ˂\xe8(\x92ǉ\xc1\x8ex\x95\xa5\x82\xa2),1020
2025/10/18,100,\x83f\x81[\x83^\x93\xfc\x97\xcd,\x8b\xb4\x96{\x8c\x92\x88\xea,\x83V\x83X\x83e\x83\x80\x97\x98\x97p\x97\xbf,1020
2025/10/19,8700,\x83f\x81[\x83^\x93\xfc\x97\xcd,\x8b\xb4\x96{\x8c\x92\x88\xea,\x83V\x83X\x83e\x83\x80\x97\x98\x97p\x97\xbf,1020
2025/10/19,3400,\x83l\x81[\x83~\x83\x93\x83O,\x90ΐ삳\x82\xe4\x82\xe8,\x94̔\x84\x8e萔\x97\xbf,1023
2025/10/20,8200,SNS\x89^\x97p\x91\xe3\x8ds,\x88\xa2\x95\x94\x90\xe7\x90q,\x8a\xee\x96{\x97\xbf\x8b\xe0,1021
2025/10/21,6500,\x83o\x83i\x81[\x8d쐬,\x83\x86\x81[\x83U\x81[E,\x90U\x8d\x9e\x8e萔\x97\xbf,1034
2025/10/23,8200,\x8e\x97\x8a\xe7\x8aG\x8d쐬,\x8b\xb4\x96{\x8c\x92\x88\xea,\x83V\x83X\x83e\x83\x80\x97\x98\x97p\x97\xbf,1020
2025/10/23,1800,SNS\x89^\x97p\x91\xe3\x8ds,\x8d\x82\x8b\xb4\x94\xfc\x8d\xe7,\x82\xa8\x82Ђ˂\xe8(\x92ǉ\xc1\x8ex\x95\xa5\x82\xa2),1004
2025/10/23,8400,\x8bL\x8e\x96\x8e\xb7\x95M,\x93n\x95Ӓ\xbc\x90l,\x82\xa8\x82Ђ˂\xe8(\x92ǉ\xc1\x8ex\x95\xa5\x82\xa2),1006
2025/10/23,7100,\x83f\x81[\x83^\x93\xfc\x97\xcd,\x88\xa2\x95\x94\x90\xe7\x90q,\x8a\xee\x96{\x97\xbf\x8b\xe0,1021
2025/10/23,6100,\x96|\x96\xf3\x83T\x81[\x83r\x83X,\x88ɓ\xa1\x8c\x92\x91\xbe,\x90U\x8d\x9e\x8e萔\x97\xbf,1005
2025/10/24,5100,\x83`\x83\x89\x83V\x83f\x83U\x83C\x83\x93,\x92r\x93c\x90^\x97R\x94\xfc,\x82\xa8\x82Ђ˂\xe8(\x92ǉ\xc1\x8ex\x95\xa5\x82\xa2),1019
2025/10/24,7100,\x96\xbc\x8eh\x83f\x83U\x83C\x83\x93,\x8eR\x93c\x8e\x9f\x98Y,\x8a\xee\x96{\x97\xbf\x8b\xe0,1003
2025/10/24,4400,\x93\xae\x89\xe6\x95ҏW,\x8d\xb2\x81X\x96ؗ\xba,\x90U\x8d\x9e\x8e萔\x97\xbf,1012
2025/10/25,5100,SNS\x89^\x97p\x91\xe3\x8ds,\x89\x93\x93\xa1\x8c\x9b\x88\xea,\x82\xa8\x82Ђ˂\xe8(\x92ǉ\xc1\x8ex\x95\xa5\x82\xa2),1029
2025/10/25,2700,\x83l\x81[\x83~\x83\x93\x83O,\x88\xa2\x95\x94\x90\xe7\x90q,\x83I\x83v\x83V\x83\x87\x83\x93\x8ex\x95\xa5\x82\xa2,1021
2025/10/25,3700,\x83I\x83\x93\x83\x89\x83C\x83\x93\x94鏑,\x83\x86\x81[\x83U\x81[B,\x83V\x83X\x83e\x83\x80\x97\x98\x97p\x97\xbf,1031
2025/10/26,400,\x83C\x83\x89\x83X\x83g\x8d쐬,\x8d\xb2\x93\xa1\x89Ԏq,\x8a\xee\x96{\x97\xbf\x8b\xe0,1002
2025/10/26,6600,\x83L\x83\x83\x83b\x83`\x83R\x83s\x81[\x8d쐬,\x83\x86\x81[\x83U\x81[D,\x90U\x8d\x9e\x8e萔\x97\xbf,1033
2025/10/26,3300,\x8e\x97\x8a\xe7\x8aG\x8d쐬,\x92\x86\x91\xba\x97\x9d\x8cb,\x94̔\x84\x8e萔\x97\xbf,1008
2025/10/27,15000,EC\x83T\x83C\x83g\x8d\\x92z,\x8eR\x96{\x97D\x8eq,\x83I\x83v\x83V\x83\x87\x83\x93\x8ex\x95\xa5\x82\xa2,1007
2025/10/28,1100,\x83l\x81[\x83~\x83\x93\x83O,\x96ؑ\xba\x82\xa0\x82\xe4\x82\xdd,\x83I\x83v\x83V\x83\x87\x83\x93\x8ex\x95\xa5\x82\xa2,1015
2025/10/28,45500,Web\x83T\x83C\x83g\x90\xa7\x8d\xec,\x90\xb4\x90\x85\x97R\x94\xfc,\x83V\x83X\x83e\x83\x80\x97\x98\x97p\x97\xbf,1017
2025/10/28,9800,\x8bL\x8e\x96\x8e\xb7\x95M,\x83\x86\x81[\x83U\x81[E,\x8a\xee\x96{\x97\xbf\x8b\xe0,1034
2025/10/28,7300,\x8e\x97\x8a\xe7\x8aG\x8d쐬,\x8f\xac\x97ѐ\xb3\x8e\xf7,\x8a\xee\x96{\x97\xbf\x8b\xe0,1009
2025/10/28,6800,\x96\xbc\x8eh\x83f\x83U\x83C\x83\x93,\x93c\x92\x86\x91\xbe\x98Y,\x90U\x8d\x9e\x8e萔\x97\xbf,1000
2025/10/29,9600,SNS\x89^\x97p\x91\xe3\x8ds,\x93n\x95Ӓ\xbc\x90l,\x83I\x83v\x83V\x83\x87\x83\x93\x8ex\x95\xa5\x82\xa2,1006
2025/10/29,5800,\x89\xb9\x90\xba\x95\xb6\x8e\x9a\x8bN\x82\xb1\x82\xb5,\x8f\xac\x97ѐ\xb3\x8e\xf7,\x83V\x83X\x83e\x83\x80\x97\x98\x97p\x97\xbf,1009
2025/10/29,3000,\x83u\x83\x8d\x83O\x83R\x83\x93\x83T\x83\x8b,\x8b\xb4\x96{\x8c\x92\x88\xea,\x94̔\x84\x8e萔\x97\xbf,1020
2025/10/29,4400,\x83}\x81[\x83P\x83e\x83B\x83\x93\x83O\x91\x8a\x92k,\x8b\xb4\x96{\x8c\x92\x88\xea,\x82\xa8\x82Ђ˂\xe8(\x92ǉ\xc1\x8ex\x95\xa5\x82\xa2),1020
2025/10/29,1700,\x89\xb9\x90\xba\x95\xb6\x8e\x9a\x8bN\x82\xb1\x82\xb5,\x8bߓ\xa1\x8ft\x8d\xd8,\x83I\x83v\x83V\x83\x87\x83\x93\x8ex\x95\xa5\x82\xa2,1028
2025/10/30,9000,\x96\xbc\x8eh\x83f\x83U\x83C\x83\x93,\x83\x86\x81[\x83U\x81[B,\x90U\x8d\x9e\x8e萔\x97\xbf,1031
2025/10/30,5000,\x90肢\x8aӒ\xe8,\x97яC\x95\xbd,\x83I\x83v\x83V\x83\x87\x83\x93\x8ex\x95\xa5\x82\xa2,1016
2025/10/30,4100,\x83I\x83\x93\x83\x89\x83C\x83\x93\x94鏑,\x83\x86\x81[\x83U\x81[E,\x83I\x83v\x83V\x83\x87\x83\x93\x8ex\x95\xa5\x82\xa2,1034
2025/10/30,5600,SNS\x89^\x97p\x91\xe3\x8ds,\x91O\x93c\x93֎q,\x8a\xee\x96{\x97\xbf\x8b\xe0,1025
2025/10/30,27300,Web\x83T\x83C\x83g\x90\xa7\x8d\xec,\x92\x86\x93\x87\x8c\xe5,\x82\xa8\x82Ђ˂\xe8(\x92ǉ\xc1\x8ex\x95\xa5\x82\xa2),1024
2025/10/31,6700,\x83L\x83\x83\x83b\x83`\x83R\x83s\x81[\x8d쐬,\x8eR\x96{\x97D\x8eq,\x94̔\x84\x8e萔\x97\xbf,1007
2025/10/31,9800,YouTube\x83T\x83\x80\x83l\x83C\x83\x8b,\x8f\xac\x97ѐ\xb3\x8e\xf7,\x90U\x8d\x9e\x8e萔\x97\xbf,1009
2025/11/01,5600,YouTube\x83T\x83\x80\x83l\x83C\x83\x8b,\x83\x86\x81[\x83U\x81[B,\x82\xa8\x82Ђ˂\xe8(\x92ǉ\xc1\x8ex\x95\xa5\x82\xa2),1031
2025/11/01,8700,\x83o\x83i\x81[\x8d쐬,\x91\xba\x8f㗲,\x8a\xee\x96{\x97\xbf\x8b\xe0,1022
2025/11/01,8400,\x83u\x83\x8d\x83O\x83R\x83\x93\x83T\x83\x8b,\x97яC\x95\xbd,\x83I\x83v\x83V\x83\x87\x83\x93\x8ex\x95\xa5\x82\xa2,1016
2025/11/01,2100,\x93\xae\x89\xe6\x95ҏW,\x83\x86\x81[\x83U\x81[C,\x94̔\x84\x8e萔\x97\xbf,1032
2025/11/02,5800,YouTube\x83T\x83\x80\x83l\x83C\x83\x8b,\x92\x86\x91\xba\x97\x9d\x8cb,\x94̔\x84\x8e萔\x97\xbf,1008
2025/11/02,1400,\x83I\x83\x93\x83\x89\x83C\x83\x93\x94鏑,\x90ΐ삳\x82\xe4\x82\xe8,\x90U\x8d\x9e\x8e萔\x97\xbf,1023
2025/11/02,46300,\x83A\x83v\x83\x8a\x8aJ\x94\xad,\x8f\xac\x97ѐ\xb3\x8e\xf7,\x83V\x83X\x83e\x83\x80\x97\x98\x97p\x97\xbf,1009
2025/11/03,9300,\x8e\x97\x8a\xe7\x8aG\x8d쐬,\x8eR\x96{\x97D\x8eq,\x83V\x83X\x83e\x83\x80\x97\x98\x97p\x97\xbf,1007
2025/11/03,8500,\x83o\x83i\x81[\x8d쐬,\x93c\x92\x86\x91\xbe\x98Y,\x8a\xee\x96{\x97\xbf\x8b\xe0,1000
2025/11/04,6700,\x90肢\x8aӒ\xe8,\x88\xa2\x95\x94\x90\xe7\x90q,\x83V\x83X\x83e\x83\x80\x97\x98\x97p\x97\xbf,1021
2025/11/04,6200,\x83L\x83\x83\x83b\x83`\x83R\x83s\x81[\x8d쐬,\x89\x93\x93\xa1\x8c\x9b\x88\xea,\x94̔\x84\x8e萔\x97\xbf,1029
2025/11/04,4000,\x89\xb9\x90\xba\x95\xb6\x8e\x9a\x8bN\x82\xb1\x82\xb5,\x83\x86\x81[\x83U\x81[A,\x90U\x8d\x9e\x8e萔\x97\xbf,1030
2025/11/04,44800,EC\x83T\x83C\x83g\x8d\\x92z,\x97\xe9\x96؈\xea\x98Y,\x83V\x83X\x83e\x83\x80\x97\x98\x97p\x97\xbf,1001
2025/11/07,7000,YouTube\x83T\x83\x80\x83l\x83C\x83\x8b,\x8d\xb2\x93\xa1\x89Ԏq,\x82\xa8\x82Ђ˂\xe8(\x92ǉ\xc1\x8ex\x95\xa5\x82\xa2),1002
2025/11/07,37300,\x89\xb9\x8ay\x90\xa7\x8d\xec,\x92r\x93c\x90^\x97R\x94\xfc,\x90U\x8d\x9e\x8e萔\x97\xbf,1019
2025/11/07,4600,\x8e\x97\x8a\xe7\x8aG\x8d쐬,\x89\x93\x93\xa1\x8c\x9b\x88\xea,\x83I\x83v\x83V\x83\x87\x83\x93\x8ex\x95\xa5\x82\xa2,1029
2025/11/07,4500,\x83L\x83\x83\x83b\x83`\x83R\x83s\x81[\x8d쐬,\x88\xe4\x8f\xe3\x92B\x96\xe7,\x94̔\x84\x8e萔\x97\xbf,1014
2025/11/08,4200,\x96|\x96\xf3\x83T\x81[\x83r\x83X,\x90ΐ삳\x82\xe4\x82\xe8,\x90U\x8d\x9e\x8e萔\x97\xbf,1023
2025/11/08,100,\x83L\x83\x83\x83b\x83`\x83R\x83s\x81[\x8d쐬,\x83\x86\x81[\x83U\x81[B,\x83I\x83v\x83V\x83\x87\x83\x93\x8ex\x95\xa5\x82\xa2,1031
2025/11/08,200,\x83}\x81[\x83P\x83e\x83B\x83\x93\x83O\x91\x8a\x92k,\x8eR\x96{\x97D\x8eq,\x8a\xee\x96{\x97\xbf\x8b\xe0,1007
2025/11/08,900,\x83I\x83\x93\x83\x89\x83C\x83\x93\x94鏑,\x8eR\x93c\x8e\x9f\x98Y,\x8a\xee\x96{\x97\xbf\x8b\xe0,1003
2025/11/08,4600,\x83L\x83\x83\x83b\x83`\x83R\x83s\x81[\x8d쐬,\x8f\xac\x97ѐ\xb3\x8e\xf7,\x90U\x8d\x9e\x8e萔\x97\xbf,1009
2025/11/09,7500,\x89\xb9\x90\xba\x95\xb6\x8e\x9a\x8bN\x82\xb1\x82\xb5,\x8eR\x93c\x8e\x9f\x98Y,\x90U\x8d\x9e\x8e萔\x97\xbf,1003
2025/11/09,2200,\x89\xb9\x90\xba\x95\xb6\x8e\x9a\x8bN\x82\xb1\x82\xb5,\x93n\x95Ӓ\xbc\x90l,\x8a\xee\x96{\x97\xbf\x8b\xe0,1006
2025/11/09,4100,\x94Y\x82ݑ\x8a\x92k,\x8eR\x96{\x97D\x8eq,\x8a\xee\x96{\x97\xbf\x8b\xe0,1007
2025/11/09,3500,\x83A\x83C\x83R\x83\x93\x8d쐬,\x90ΐ삳\x82\xe4\x82\xe8,\x94̔\x84\x8e萔\x97\xbf,1023
2025/11/09,4200,\x96|\x96\xf3\x83T\x81[\x83r\x83X,\x83\x86\x81[\x83U\x81[C,\x90U\x8d\x9e\x8e萔\x97\xbf,1032
2025/11/10,5400,\x83L\x83\x83\x83b\x83`\x83R\x83s\x81[\x8d쐬,\x92r\x93c\x90^\x97R\x94\xfc,\x83I\x83v\x83V\x83\x87\x83\x93\x8ex\x95\xa5\x82\xa2,1019
2025/11/11,4000,\x83u\x83\x8d\x83O\x83R\x83\x93\x83T\x83\x8b,\x92\x86\x91\xba\x97\x9d\x8cb,\x8a\xee\x96{\x97\xbf\x8b\xe0,1008
2025/11/11,5200,\x83L\x83\x83\x83b\x83`\x83R\x83s\x81[\x8d쐬,\x8d\xb2\x81X\x96ؗ\xba,\x83I\x83v\x83V\x83\x87\x83\x93\x8ex\x95\xa5\x82\xa2,1012
2025/11/11,13600,\x83A\x83v\x83\x8a\x8aJ\x94\xad,\x90ΐ삳\x82\xe4\x82\xe8,\x83V\x83X\x83e\x83\x80\x97\x98\x97p\x97\xbf,1023
2025/11/11,8800,\x83u\x83\x8d\x83O\x83R\x83\x93\x83T\x83\x8b,\x93\xa1\x93c\x83j\x83R\x83\x8b,\x82\xa8\x82Ђ˂\xe8(\x92ǉ\xc1\x8ex\x95\xa5\x82\xa2),1026
2025/11/13,7200,\x96|\x96\xf3\x83T\x81[\x83r\x83X,\x88\xa2\x95\x94\x90\xe7\x90q,\x83I\x83v\x83V\x83\x87\x83\x93\x8ex\x95\xa5\x82\xa2,1021
2025/11/13,22500,LP\x90\xa7\x8d\xec,\x90ΐ삳\x82\xe4\x82\xe8,\x94̔\x84\x8e萔\x97\xbf,1023
2025/11/14,6800,\x83I\x83\x93\x83\x89\x83C\x83\x93\x94鏑,\x93c\x92\x86\x91\xbe\x98Y,\x83I\x83v\x83V\x83\x87\x83\x93\x8ex\x95\xa5\x82\xa2,1000
2025/11/15,9800,\x83u\x83\x8d\x83O\x83R\x83\x93\x83T\x83\x8b,\x89\xc1\x93\xa1\x8d_\x93\xf1,\x83I\x83v\x83V\x83\x87\x83\x93\x8ex\x95\xa5\x82\xa2,1010
2025/11/15,7700,SEO\x91΍\xf4,\x96ؑ\xba\x82\xa0\x82\xe4\x82\xdd,\x8a\xee\x96{\x97\xbf\x8b\xe0,1015
2025/11/15,5200,\x8bL\x8e\x96\x8e\xb7\x95M,\x93n\x95Ӓ\xbc\x90l,\x83V\x83X\x83e\x83\x80\x97\x98\x97p\x97\xbf,1006
2025/11/16,8400,\x83p\x83\x8f\x81[\x83|\x83C\x83\x93\x83g\x8d쐬,\x8f\xbc\x96{\x8d\x81\x90D,\x82\xa8\x82Ђ˂\xe8(\x92ǉ\xc1\x8ex\x95\xa5\x82\xa2),1013
2025/11/16,58800,Web\x83T\x83C\x83g\x90\xa7\x8d\xec,\x83\x86\x81[\x83U\x81[D,\x94̔\x84\x8e萔\x97\xbf,1033
2025/11/16,9600,\x83}\x81[\x83P\x83e\x83B\x83\x93\x83O\x91\x8a\x92k,\x93n\x95Ӓ\xbc\x90l,\x8a\xee\x96{\x97\xbf\x8b\xe0,1006
2025/11/16,2500,\x83f\x81[\x83^\x93\xfc\x97\xcd,\x8f\xbc\x96{\x8d\x81\x90D,\x82\xa8\x82Ђ˂\xe8(\x92ǉ\xc1\x8ex\x95\xa5\x82\xa2),1013
2025/11/16,200,\x96\xbc\x8eh\x83f\x83U\x83C\x83\x93,\x8eR\x8d\xe8\x91\xe5\x95\xe3,\x83V\x83X\x83e\x83\x80\x97\x98\x97p\x97\xbf,1018
2025/11/17,3000,\x89\xb9\x90\xba\x95\xb6\x8e\x9a\x8bN\x82\xb1\x82\xb5,\x89\xaa\x93c\x8fy\x88\xea,\x8a\xee\x96{\x97\xbf\x8b\xe0,1027
2025/11/18,7100,SNS\x89^\x97p\x91\xe3\x8ds,\x97яC\x95\xbd,\x83I\x83v\x83V\x83\x87\x83\x93\x8ex\x95\xa5\x82\xa2,1016
2025/11/18,4300,\x83l\x81[\x83~\x83\x93\x83O,\x89\xaa\x93c\x8fy\x88\xea,\x83I\x83v\x83V\x83\x87\x83\x93\x8ex\x95\xa5\x82\xa2,1027
2025/11/18,55100,LP\x90\xa7\x8d\xec,\x8bߓ\xa1\x8ft\x8d\xd8,\x83V\x83X\x83e\x83\x80\x97\x98\x97p\x97\xbf,1028
2025/11/19,9600,\x83\x8d\x83S\x83f\x83U\x83C\x83\x93,\x88\xa2\x95\x94\x90\xe7\x90q,\x8a\xee\x96{\x97\xbf\x8b\xe0,1021
2025/11/21,7300,\x83f\x81[\x83^\x93\xfc\x97\xcd,\x91O\x93c\x93֎q,\x90U\x8d\x9e\x8e萔\x97\xbf,1025
2025/11/21,4900,\x89摜\x89\xc1\x8dH,\x88ɓ\xa1\x8c\x92\x91\xbe,\x94̔\x84\x8e萔\x97\xbf,1005
2025/11/21,6500,\x83o\x83i\x81[\x8d쐬,\x8eR\x8d\xe8\x91\xe5\x95\xe3,\x90U\x8d\x9e\x8e萔\x97\xbf,1018
2025/11/22,4300,\x89摜\x89\xc1\x8dH,\x83\x86\x81[\x83U\x81[C,\x83I\x83v\x83V\x83\x87\x83\x93\x8ex\x95\xa5\x82\xa2,1032
2025/11/22,8400,\x83f\x81[\x83^\x93\xfc\x97\xcd,\x89\x93\x93\xa1\x8c\x9b\x88\xea,\x94̔\x84\x8e萔\x97\xbf,1029
2025/11/22,32100,Web\x83T\x83C\x83g\x90\xa7\x8d\xec,\x92\x86\x93\x87\x8c\xe5,\x83V\x83X\x83e\x83\x80\x97\x98\x97p\x97\xbf,1024
2025/11/22,5900,\x8bL\x8e\x96\x8e\xb7\x95M,\x92\x86\x91\xba\x97\x9d\x8cb,\x83V\x83X\x83e\x83\x80\x97\x98\x97p\x97\xbf,1008
2025/11/23,4800,\x83L\x83\x83\x83b\x83`\x83R\x83s\x81[\x8d쐬,\x83\x86\x81[\x83U\x81[A,\x82\xa8\x82Ђ˂\xe8(\x92ǉ\xc1\x8ex\x95\xa5\x82\xa2),1030
2025/11/23,9100,YouTube\x83T\x83\x80\x83l\x83C\x83\x8b,\x97\xe9\x96؈\xea\x98Y,\x82\xa8\x82Ђ˂\xe8(\x92ǉ\xc1\x8ex\x95\xa5\x82\xa2),1001
2025/11/23,6700,\x83o\x83i\x81[\x8d쐬,\x93n\x95Ӓ\xbc\x90l,\x8a\xee\x96{\x97\xbf\x8b\xe0,1006
2025/11/23,20200,\x83A\x83v\x83\x8a\x8aJ\x94\xad,\x8bߓ\xa1\x8ft\x8d\xd8,\x83V\x83X\x83e\x83\x80\x97\x98\x97p\x97\xbf,1028
2025/11/23,7500,\x8bL\x8e\x96\x8e\xb7\x95M,\x92r\x93c\x90^\x97R\x94\xfc,\x83I\x83v\x83V\x83\x87\x83\x93\x8ex\x95\xa5\x82\xa2,1019
2025/11/23,700,\x83\x8d\x83S\x83f\x83U\x83C\x83\x93,\x8eR\x8d\xe8\x91\xe5\x95\xe3,\x94̔\x84\x8e萔\x97\xbf,1018
2025/11/23,5000,\x94Y\x82ݑ\x8a\x92k,\x90ΐ삳\x82\xe4\x82\xe8,\x83V\x83X\x83e\x83\x80\x97\x98\x97p\x97\xbf,1023
2025/11/23,5800,\x83u\x83\x8d\x83O\x83R\x83\x93\x83T\x83\x8b,\x97яC\x95\xbd,\x83I\x83v\x83V\x83\x87\x83\x93\x8ex\x95\xa5\x82\xa2,1016
2025/11/24,7600,YouTube\x83T\x83\x80\x83l\x83C\x83\x8b,\x89\x93\x93\xa1\x8c\x9b\x88\xea,\x8a\xee\x96{\x97\xbf\x8b\xe0,1029
2025/11/25,9600,\x83}\x81[\x83P\x83e\x83B\x83\x93\x83O\x91\x8a\x92k,\x93\xa1\x93c\x83j\x83R\x83\x8b,\x83V\x83X\x83e\x83\x80\x97\x98\x97p\x97\xbf,1026
2025/11/25,1400,\x93\xae\x89\xe6\x95ҏW,\x8d\xb2\x81X\x96ؗ\xba,\x83I\x83v\x83V\x83\x87\x83\x93\x8ex\x95\xa5\x82\xa2,1012
2025/11/25,8900,\x83f\x81[\x83^\x93\xfc\x97\xcd,\x8eR\x93c\x8e\x9f\x98Y,\x8a\xee\x96{\x97\xbf\x8b\xe0,1003
2025/11/25,1400,\x89\xb9\x90\xba\x95\xb6\x8e\x9a\x8bN\x82\xb1\x82\xb5,\x89\xc1\x93\xa1\x8d_\x93\xf1,\x83V\x83X\x83e\x83\x80\x97\x98\x97p\x97\xbf,1010
2025/11/27,7900,LP\x90\xa7\x8d\xec,\x83\x86\x81[\x83U\x81[B,\x94̔\x84\x8e萔\x97\xbf,1031
2025/11/27,7600,\x83C\x83\x89\x83X\x83g\x8d쐬,\x89\xaa\x93c\x8fy\x88\xea,\x90U\x8d\x9e\x8e萔\x97\xbf,1027
2025/11/27,39300,EC\x83T\x83C\x83g\x8d\\x92z,\x93c\x92\x86\x91\xbe\x98Y,\x83V\x83X\x83e\x83\x80\x97\x98\x97p\x97\xbf,1000
2025/11/29,12500,LP\x90\xa7\x8d\xec,\x8bߓ\xa1\x8ft\x8d\xd8,\x94̔\x84\x8e萔\x97\xbf,1028
2025/11/29,6600,SEO\x91΍\xf4,\x8d\xb2\x81X\x96ؗ\xba,\x83I\x83v\x83V\x83\x87\x83\x93\x8ex\x95\xa5\x82\xa2,1012
2025/11/29,9000,\x94Y\x82ݑ\x8a\x92k,\x88\xe4\x8f\xe3\x92B\x96\xe7,\x82\xa8\x82Ђ˂\xe8(\x92ǉ\xc1\x8ex\x95\xa5\x82\xa2),1014
2025/11/29,6900,\x94Y\x82ݑ\x8a\x92k,\x8f\xbc\x96{\x8d\x81\x90D,\x90U\x8d\x9e\x8e萔\x97\xbf,1013
2025/11/29,24800,LP\x90\xa7\x8d\xec,\x88\xe4\x8f\xe3\x92B\x96\xe7,\x82\xa8\x82Ђ˂\xe8(\x92ǉ\xc1\x8ex\x95\xa5\x82\xa2),1014
2025/11/30,6500,\x93\xae\x89\xe6\x95ҏW,\x90ΐ삳\x82\xe4\x82\xe8,\x94̔\x84\x8e萔\x97\xbf,1023
2025/11/30,16700,\x89\xb9\x8ay\x90\xa7\x8d\xec,\x93n\x95Ӓ\xbc\x90l,\x83I\x83v\x83V\x83\x87\x83\x93\x8ex\x95\xa5\x82\xa2,1006
2025/11/30,2300,\x89摜\x89\xc1\x8dH,\x96ؑ\xba\x82\xa0\x82\xe4\x82\xdd,\x83I\x83v\x83V\x83\x87\x83\x93\x8ex\x95\xa5\x82\xa2,1015
2025/11/30,1400,\x83u\x83\x8d\x83O\x83R\x83\x93\x83T\x83\x8b,\x8eR\x8d\xe8\x91\xe5\x95\xe3,\x94̔\x84\x8e萔\x97\xbf,1018
2025/11/30,7300,\x90肢\x8aӒ\xe8,\x93c\x92\x86\x91\xbe\x98Y,\x8a\xee\x96{\x97\xbf\x8b\xe0,1000
2025/11/30,5600,\x94Y\x82ݑ\x8a\x92k,\x92\x86\x91\xba\x97\x9d\x8cb,\x94̔\x84\x8e萔\x97\xbf,1008
2025/11/30,1600,\x93\xae\x89\xe6\x95ҏW,\x97\xe9\x96؈\xea\x98Y,\x83V\x83X\x83e\x83\x80\x97\x98\x97p\x97\xbf,1001